319632704,0,DNS_CONFIG_CHANGED,2,NONE,"{""params"": {""allow_dns_over_https_upgrade"": false, ""append_to_multi_label_name"": true, ""attempts"": 2, ""disabled_upgrade_providers"": [], ""dns_over_tls_active"": false, ""dns_over_tls_hostname"": """", ""doh_servers"": [], ""nameservers"": [""172.19.19.1:53""], ""ndots"": 1, ""num_hosts"": 2, ""rotate"": false, ""search"": [], ""secure_dns_mode"": 0, ""timeout"": 1, ""unhandled_options"": false, ""use_local_ipv6"": false}, ""phase"": 0}"
319632704,0,HTTP_SERVER_PROPERTIES_INITIALIZATION,1,HTTP_SERVER_PROPERTIES,"{""phase"": 2}"
319632704,0,HTTP_SERVER_PROPERTIES_UPDATE_CACHE,1,HTTP_SERVER_PROPERTIES,"{""params"": {""servers"": [{""alternative_service"": [{""advertised_versions"": [43], ""expiration"": ""13221994705551586"", ""port"": 443, ""protocol_str"": ""quic""}], ""isolation"": [], ""network_stats"": {""srtt"": 113980}, ""server"": ""https://info.snomile.ink""}], ""supports_quic"": {""address"": ""172.19.19.121"", ""used_quic"": true}, ""version"": 5}, ""phase"": 0}"
319637765,5061,REQUEST_ALIVE,3,URL_REQUEST,"{""params"": {""priority"": ""LOWEST"", ""traffic_annotation"": 77012883, ""url"": ""https://info.snomile.ink/server.log""}, ""phase"": 1}"
319637765,5061,URL_REQUEST_SET_PRIORITY,3,URL_REQUEST,"{""params"": {""priority"": ""MEDIUM""}, ""phase"": 0}"
319637765,5061,NETWORK_DELEGATE_BEFORE_URL_REQUEST,3,URL_REQUEST,"{""phase"": 1}"
319637765,5061,NETWORK_DELEGATE_BEFORE_URL_REQUEST,3,URL_REQUEST,"{""phase"": 2}"
319637765,5061,URL_REQUEST_START_JOB,3,URL_REQUEST,"{""params"": {""load_flags"": 0, ""method"": ""GET"", ""privacy_mode"": 0, ""url"": ""https://info.snomile.ink/server.log""}, ""phase"": 1}"
319637766,5062,NETWORK_DELEGATE_BEFORE_START_TRANSACTION,3,URL_REQUEST,"{""phase"": 1}"
319637766,5062,NETWORK_DELEGATE_BEFORE_START_TRANSACTION,3,URL_REQUEST,"{""phase"": 2}"
319637766,5062,HTTP_CACHE_GET_BACKEND,3,URL_REQUEST,"{""phase"": 1}"
319637768,5064,HTTP_CACHE_GET_BACKEND,3,URL_REQUEST,"{""phase"": 2}"
319637769,5065,HTTP_CACHE_OPEN_OR_CREATE_ENTRY,3,URL_REQUEST,"{""phase"": 1}"
319637769,5065,SIMPLE_CACHE_ENTRY,4,DISK_CACHE_ENTRY,"{""params"": {""entry_hash"": ""0xe4b9d4241739e99b""}, ""phase"": 1}"
319637769,5065,SIMPLE_CACHE_ENTRY_SET_KEY,4,DISK_CACHE_ENTRY,"{""params"": {""key"": ""https://info.snomile.ink/server.log""}, ""phase"": 0}"
319637770,5066,SIMPLE_CACHE_ENTRY_OPEN_OR_CREATE_CALL,4,DISK_CACHE_ENTRY,"{""phase"": 0}"
319637770,5066,SIMPLE_CACHE_ENTRY_OPEN_OR_CREATE_BEGIN,4,DISK_CACHE_ENTRY,"{""phase"": 0}"
319637771,5067,SIMPLE_CACHE_ENTRY_OPEN_OR_CREATE_END,4,DISK_CACHE_ENTRY,"{""phase"": 0}"
319637771,5067,HTTP_CACHE_OPEN_OR_CREATE_ENTRY,3,URL_REQUEST,"{""phase"": 2}"
319637772,5068,HTTP_CACHE_ADD_TO_ENTRY,3,URL_REQUEST,"{""phase"": 1}"
319637773,5069,HTTP_CACHE_ADD_TO_ENTRY,3,URL_REQUEST,"{""phase"": 2}"
319637773,5069,HTTP_CACHE_READ_INFO,3,URL_REQUEST,"{""phase"": 1}"
319637773,5069,SIMPLE_CACHE_ENTRY_READ_CALL,4,DISK_CACHE_ENTRY,"{""params"": {""buf_len"": 4000, ""index"": 0, ""offset"": 0}, ""phase"": 0}"
319637773,5069,SIMPLE_CACHE_ENTRY_READ_BEGIN,4,DISK_CACHE_ENTRY,"{""params"": {""buf_len"": 4000, ""index"": 0, ""offset"": 0}, ""phase"": 0}"
319637773,5069,HTTP_CACHE_READ_INFO,3,URL_REQUEST,"{""phase"": 2}"
319637773,5069,NETWORK_DELEGATE_HEADERS_RECEIVED,3,URL_REQUEST,"{""phase"": 1}"
319637773,5069,NETWORK_DELEGATE_HEADERS_RECEIVED,3,URL_REQUEST,"{""phase"": 2}"
319637773,5069,URL_REQUEST_START_JOB,3,URL_REQUEST,"{""phase"": 2}"
319637773,5069,URL_REQUEST_DELEGATE_RESPONSE_STARTED,3,URL_REQUEST,"{""phase"": 1}"
319637776,5072,URL_REQUEST_DELEGATE_RESPONSE_STARTED,3,URL_REQUEST,"{""phase"": 2}"
319637777,5073,HTTP_CACHE_READ_DATA,3,URL_REQUEST,"{""phase"": 1}"
319637777,5073,SIMPLE_CACHE_ENTRY_READ_CALL,4,DISK_CACHE_ENTRY,"{""params"": {""buf_len"": 32768, ""index"": 1, ""offset"": 0}, ""phase"": 0}"
319637778,5074,SIMPLE_CACHE_ENTRY_READ_BEGIN,4,DISK_CACHE_ENTRY,"{""params"": {""buf_len"": 32768, ""index"": 1, ""offset"": 0}, ""phase"": 0}"
319637778,5074,SIMPLE_CACHE_ENTRY_READ_END,4,DISK_CACHE_ENTRY,"{""params"": {""bytes_copied"": 32768}, ""phase"": 0}"
319637778,5074,HTTP_CACHE_READ_DATA,3,URL_REQUEST,"{""phase"": 2}"
319637778,5074,URL_REQUEST_JOB_FILTERED_BYTES_READ,3,URL_REQUEST,"{""params"": {""byte_count"": 32768, ""bytes"": ""bm9odXA6IGlnbm9yaW5nIGlucHV0CjExOjI5OjQ5LjI4NSBbSU5GT10gdG9rZ2VuOiBpbnNlcnRlZCBUT0tHRU4xIG9mIHNpemUgMTEwCjExOjI5OjQ5LjI4NSBbSU5GT10gcHJxOiBpbml0aWFsaXplZCBxdWV1ZSBvZiBzaXplIDEwMDAwCjExOjI5OjQ5LjI4NSBbSU5GT10gcHVyZ2E6IGNyZWF0ZSBwdXJnYXRvcnksIG1pbiBsaWZlIDMwMDAwMDAwIHVzZWMKMTE6Mjk6NDkuMjg1IFtJTkZPXSBlbmdpbmU6IGluc3RhbnRpYXRlZCBlbmdpbmUKMTE6Mjk6NDkuMjg1IFtJTkZPXSBzb2NrZXQgYnVmZmVyIHNpemU6IDIxMjk5MiBieXRlczsgbWF4ICMgcGFja2V0cyBpcyBzZXQgdG8gNgoxMTozMjoyMi42NzIgW0lORk9dIFtRVUlDOjdFOTAyOTBGMUVGMUUzMzZdIGNvbm46IEFwcGx5aW5nIHBlZXIgY29uZmlnOiBjZmN3OiAxNTcyODY0MDsgc2ZjdzogNjI5MTQ1NjsgIyBzdHJlYW1zOiAxMDAKMTE6MzI6MjIuNjcyIFtJTkZPXSBbUVVJQzo3RTkwMjkwRjFFRjFFMzM2XSBzZW5kY3RsOiBzZXQgVENJRCBmbGFnCjExOjMyOjIyLjY3MiBbSU5GT10gW1FVSUM6N0U5MDI5MEYxRUYxRTMzNl0gY29ubjogQ3JlYXRlZCBuZXcgc2VydmVyIGNvbm5lY3Rpb24KMTE6MzI6MjIuNjc0IFtJTkZPXSBbUVVJQzo3RTkwMjkwRjFFRjFFMzM2XSByZWNoaXN0OiBzdG9wIHdhaXQ6IDMKMTE6MzI6MjMuMjc5IFtJTkZPXSBnb3QgcmVxdWVzdDogYEdFVCAvRG9ja2VyZmlsZSBIVFRQLzEuMQ0KcHJhZ21hOiBuby1jYWNoZQ0KY2FjaGUtY29udHJvbDogbm8tY2FjaGUNCnVwZ3JhZGUtaW5zZWN1cmUtcmVxdWVzdHM6IDENCnVzZXItYWdlbnQ6IE1vemlsbGEvNS4wIChNYWNpbnRvc2g7IEludGVsIE1hYyBPUyBYIDEwXzE1XzEpIEFwcGxlV2ViS2l0LzUzNy4zNiAoS0hUTUwsIGxpa2UgR2Vja28pIENocm9tZS84MC4wLjM5NjEuMCBTYWZhcmkvNTM3LjM2DQpzZWMtZmV0Y2gtdXNlcjogPzENCmFjY2VwdDogdGV4dC9odG1sLGFwcGxpY2F0aW9uL3hodG1sK3htbCxhcHBsaWNhdGlvbi94bWw7cT0wLjksaW1hZ2Uvd2VicCxpbWFnZS9hcG5nLCovKjtxPTAuOCxhcHBsaWNhdGlvbi9zaWduZWQtZXhjaGFuZ2U7dj1iMztxPTAuOQ0Kc2VjLWZldGNoLXNpdGU6IG5vbmUNCnNlYy1mZXRjaC1tb2RlOiBuYXZpZ2F0ZQ0KYWNjZXB0LWVuY29kaW5nOiBnemlwLCBkZWZsYXRlLCBicg0KYWNjZXB0LWxhbmd1YWdlOiB6aC1DTix6aDtxPTAuOQ0KSG9zdDogaW5mby5zbm9taWxlLmluaw0KQ29va2llOiBzdGFydGltZXNfd2ViX3Rva2VuPWV5SmhiR2NpT2lKSVV6VXhNaUo5LmV5SmhjSEFpT2pFc0luVnBaQ0k2T1RrNU9Td2lZMk52WkdVaU9pSkxSU0lzSW5KdmJHVWlPakVzSW1OeVpXRjBaV1FpT2pFMU5ETTVNVE13TmpBNU5EQXNJbVY0Y0NJNk1UZzFORGsxTXpBMk1Dd2lZMmxrSWpvMmZRLk0xR1ZndEZJcjlfRk94OE9tLUh3Zkt5RGVmNF83M3hxcTc3a012SzZfSmxtU0hLZFFyVXp4Y3VndVJLZ2RWYV9OQXljdWYzLWxuTDA5X0RRaDdMM0N3OyBfZ2E9R0ExLjIuMTQ1OTY5MDk5LjE1NzA3MDg0MzENCg0KJwoxMTozMjoyMy4yNzkgW0lORk9dIGZpbGVuYW1lIHRvIGZldGNoOiAvaG9tZS91YnVudHUvL0RvY2tlcmZpbGUKMTE6MzI6MjMuMjc5IFtJTkZPXSBbUVVJQzo3RTkwMjkwRjFFRjFFMzM2LTVdIHN0cmVhbTogc2VudCBoZWFkZXJzCjExOjMyOjIzLjI3OSBbSU5GT10gaHR0cF9zZXJ2ZXJfb25fY2xvc2UgY2FsbGVkCjExOjMyOjIzLjI5NiBbSU5GT10gW1FVSUM6N0U5MDI5MEYxRUYxRTMzNl0gYWxhcm1zZXQ6IHJpbmcgZXhwaXJlZCBSRVRYX0FQUCBhbGFybQoxMTozMjoyMy4yOTYgW0lORk9dIFtRVUlDOjdFOTAyOTBGMUVGMUUzMzZdIHNlbmRjdGw6IHJldHggdGltZW91dCwgbW9kZSBSRVRYX01PREVfVExQCjExOjMyOjIzLjI5OCBbSU5GT10gW1FVSUM6N0U5MDI5MEYxRUYxRTMzNl0gcmVjaGlzdDogc3RvcCB3YWl0OiA0CjExOjMyOjIzLjMyMyBbSU5GT10gW1FVSUM6N0U5MDI5MEYxRUYxRTMzNl0gYWxhcm1zZXQ6IHJpbmcgZXhwaXJlZCBBQ0tfQVBQIGFsYXJtCjExOjMyOjMwLjMyMSBbSU5GT10gZ290IHJlcXVlc3Q6IGBHRVQgL0RvY2tlcmZpbGUgSFRUUC8xLjENCnByYWdtYTogbm8tY2FjaGUNCmNhY2hlLWNvbnRyb2w6IG5vLWNhY2hlDQp1cGdyYWRlLWluc2VjdXJlLXJlcXVlc3RzOiAxDQp1c2VyLWFnZW50OiBNb3ppbGxhLzUuMCAoTWFjaW50b3NoOyBJbnRlbCBNYWMgT1MgWCAxMF8xNV8xKSBBcHBsZVdlYktpdC81MzcuMzYgKEtIVE1MLCBsaWtlIEdlY2tvKSBDaHJvbWUvODAuMC4zOTYxLjAgU2FmYXJpLzUzNy4zNg0Kc2VjLWZldGNoLXVzZXI6ID8xDQphY2NlcHQ6IHRleHQvaHRtbCxhcHBsaWNhdGlvbi94aHRtbCt4bWwsYXBwbGljYXRpb24veG1sO3E9MC45LGltYWdlL3dlYnAsaW1hZ2UvYXBuZywqLyo7cT0wLjgsYXBwbGljYXRpb24vc2lnbmVkLWV4Y2hhbmdlO3Y9YjM7cT0wLjkNCnNlYy1mZXRjaC1zaXRlOiBub25lDQpzZWMtZmV0Y2gtbW9kZTogbmF2aWdhdGUNCmFjY2VwdC1lbmNvZGluZzogZ3ppcCwgZGVmbGF0ZSwgYnINCmFjY2VwdC1sYW5ndWFnZTogemgtQ04semg7cT0wLjkNCkhvc3Q6IGluZm8uc25vbWlsZS5pbmsNCkNvb2tpZTogc3RhcnRpbWVzX3dlYl90b2tlbj1leUpoYkdjaU9pSklVelV4TWlKOS5leUpoY0hBaU9qRXNJblZwWkNJNk9UazVPU3dpWTJOdlpHVWlPaUpMUlNJc0luSnZiR1VpT2pFc0ltTnlaV0YwWldRaU9qRTFORE01TVRNd05qQTVOREFzSW1WNGNDSTZNVGcxTkRrMU16QTJNQ3dpWTJsa0lqbzJmUS5NMUdWZ3RGSXI5X0ZPeDhPbS1Id2ZLeURlZjRfNzN4cXE3N2tNdks2X0psbVNIS2RRclV6eGN1Z3VSS2dkVmFfTkF5Y3VmMy1sbkwwOV9EUWg3TDNDdzsgX2dhPUdBMS4yLjE0NTk2OTA5OS4xNTcwNzA4NDMxDQoNCicKMTE6MzI6MzAuMzIxIFtJTkZPXSBmaWxlbmFtZSB0byBmZXRjaDogL2hvbWUvdWJ1bnR1Ly9Eb2NrZXJmaWxlCjExOjMyOjMwLjMyMSBbSU5GT10gW1FVSUM6N0U5MDI5MEYxRUYxRTMzNi03XSBzdHJlYW06IHNlbnQgaGVhZGVycwoxMTozMjozMC4zMjEgW0lORk9dIGh0dHBfc2VydmVyX29uX2Nsb3NlIGNhbGxlZAoxMTozMjozMC4zMzcgW0lORk9dIFtRVUlDOjdFOTAyOTBGMUVGMUUzMzZdIGFsYXJtc2V0OiByaW5nIGV4cGlyZWQgUkVUWF9BUFAgYWxhcm0KMTE6MzI6MzAuMzM3IFtJTkZPXSBbUVVJQzo3RTkwMjkwRjFFRjFFMzM2XSBzZW5kY3RsOiByZXR4IHRpbWVvdXQsIG1vZGUgUkVUWF9NT0RFX1RMUAoxMTozMjozMC4zNDEgW0lORk9dIFtRVUlDOjdFOTAyOTBGMUVGMUUzMzZdIHJlY2hpc3Q6IHN0b3Agd2FpdDogNwoxMTozMjozMC4zNjYgW0lORk9dIFtRVUlDOjdFOTAyOTBGMUVGMUUzMzZdIGFsYXJtc2V0OiByaW5nIGV4cGlyZWQgQUNLX0FQUCBhbGFybQoxMTozMjozMS4yNDYgW0lORk9dIGdvdCByZXF1ZXN0OiBgR0VUIC9Eb2NrZXJmaWxlIEhUVFAvMS4xDQpwcmFnbWE6IG5vLWNhY2hlDQpjYWNoZS1jb250cm9sOiBuby1jYWNoZQ0KdXBncmFkZS1pbnNlY3VyZS1yZXF1ZXN0czogMQ0KdXNlci1hZ2VudDogTW96aWxsYS81LjAgKE1hY2ludG9zaDsgSW50ZWwgTWFjIE9TIFggMTBfMTVfMSkgQXBwbGVXZWJLaXQvNTM3LjM2IChLSFRNTCwgbGlrZSBHZWNrbykgQ2hyb21lLzgwLjAuMzk2MS4wIFNhZmFyaS81MzcuMzYNCnNlYy1mZXRjaC11c2VyOiA/MQ0KYWNjZXB0OiB0ZXh0L2h0bWwsYXBwbGljYXRpb24veGh0bWwreG1sLGFwcGxpY2F0aW9uL3htbDtxPTAuOSxpbWFnZS93ZWJwLGltYWdlL2FwbmcsKi8qO3E9MC44LGFwcGxpY2F0aW9uL3NpZ25lZC1leGNoYW5nZTt2PWIzO3E9MC45DQpzZWMtZmV0Y2gtc2l0ZTogbm9uZQ0Kc2VjLWZldGNoLW1vZGU6IG5hdmlnYXRlDQphY2NlcHQtZW5jb2Rpbmc6IGd6aXAsIGRlZmxhdGUsIGJyDQphY2NlcHQtbGFuZ3VhZ2U6IHpoLUNOLHpoO3E9MC45DQpIb3N0OiBpbmZvLnNub21pbGUuaW5rDQpDb29raWU6IHN0YXJ0aW1lc193ZWJfdG9rZW49ZXlKaGJHY2lPaUpJVXpVeE1pSjkuZXlKaGNIQWlPakVzSW5WcFpDSTZPVGs1T1N3aVkyTnZaR1VpT2lKTFJTSXNJbkp2YkdVaU9qRXNJbU55WldGMFpXUWlPakUxTkRNNU1UTXdOakE1TkRBc0ltVjRjQ0k2TVRnMU5EazFNekEyTUN3aVkybGtJam8yZlEuTTFHVmd0RklyOV9GT3g4T20tSHdmS3lEZWY0XzczeHFxNzdrTXZLNl9KbG1TSEtkUXJVenhjdWd1UktnZFZhX05BeWN1ZjMtbG5MMDlfRFFoN0wzQ3c7IF9nYT1HQTEuMi4xNDU5NjkwOTkuMTU3MDcwODQzMQ0KDQonCjExOjMyOjMxLjI0NyBbSU5GT10gZmlsZW5hbWUgdG8gZmV0Y2g6IC9ob21lL3VidW50dS8vRG9ja2VyZmlsZQoxMTozMjozMS4yNDcgW0lORk9dIFtRVUlDOjdFOTAyOTBGMUVGMUUzMzYtOV0gc3RyZWFtOiBzZW50IGhlYWRlcnMKMTE6MzI6MzEuMjQ3IFtJTkZPXSBodHRwX3NlcnZlcl9vbl9jbG9zZSBjYWxsZWQKMTE6MzI6MzEuMjcyIFtJTkZPXSBbUVVJQzo3RTkwMjkwRjFFRjFFMzM2XSBhbGFybXNldDogcmluZyBleHBpcmVkIEFDS19BUFAgYWxhcm0KMTE6MzI6MzEuMjc1IFtJTkZPXSBbUVVJQzo3RTkwMjkwRjFFRjFFMzM2XSByZWNoaXN0OiBzdG9wIHdhaXQ6IDEwCjExOjMyOjM1LjMwMCBbSU5GT10gZ290IHJlcXVlc3Q6IGBHRVQgL0RvY2tlcmZpbGUgSFRUUC8xLjENCnByYWdtYTogbm8tY2FjaGUNCmNhY2hlLWNvbnRyb2w6IG5vLWNhY2hlDQp1cGdyYWRlLWluc2VjdXJlLXJlcXVlc3RzOiAxDQp1c2VyLWFnZW50OiBNb3ppbGxhLzUuMCAoTWFjaW50b3NoOyBJbnRlbCBNYWMgT1MgWCAxMF8xNV8xKSBBcHBsZVdlYktpdC81MzcuMzYgKEtIVE1MLCBsaWtlIEdlY2tvKSBDaHJvbWUvODAuMC4zOTYxLjAgU2FmYXJpLzUzNy4zNg0Kc2VjLWZldGNoLXVzZXI6ID8xDQphY2NlcHQ6IHRleHQvaHRtbCxhcHBsaWNhdGlvbi94aHRtbCt4bWwsYXBwbGljYXRpb24veG1sO3E9MC45LGltYWdlL3dlYnAsaW1hZ2UvYXBuZywqLyo7cT0wLjgsYXBwbGljYXRpb24vc2lnbmVkLWV4Y2hhbmdlO3Y9YjM7cT0wLjkNCnNlYy1mZXRjaC1zaXRlOiBub25lDQpzZWMtZmV0Y2gtbW9kZTogbmF2aWdhdGUNCmFjY2VwdC1lbmNvZGluZzogZ3ppcCwgZGVmbGF0ZSwgYnINCmFjY2VwdC1sYW5ndWFnZTogemgtQ04semg7cT0wLjkNCkhvc3Q6IGluZm8uc25vbWlsZS5pbmsNCkNvb2tpZTogc3RhcnRpbWVzX3dlYl90b2tlbj1leUpoYkdjaU9pSklVelV4TWlKOS5leUpoY0hBaU9qRXNJblZwWkNJNk9UazVPU3dpWTJOdlpHVWlPaUpMUlNJc0luSnZiR1VpT2pFc0ltTnlaV0YwWldRaU9qRTFORE01TVRNd05qQTVOREFzSW1WNGNDSTZNVGcxTkRrMU16QTJNQ3dpWTJsa0lqbzJmUS5NMUdWZ3RGSXI5X0ZPeDhPbS1Id2ZLeURlZjRfNzN4cXE3N2tNdks2X0psbVNIS2RRclV6eGN1Z3VSS2dkVmFfTkF5Y3VmMy1sbkwwOV9EUWg3TDNDdzsgX2dhPUdBMS4yLjE0NTk2OTA5OS4xNTcwNzA4NDMxDQoNCicKMTE6MzI6MzUuMzAwIFtJTkZPXSBmaWxlbmFtZSB0byBmZXRjaDogL2hvbWUvdWJ1bnR1Ly9Eb2NrZXJmaWxlCjExOjMyOjM1LjMwMCBbSU5GT10gW1FVSUM6N0U5MDI5MEYxRUYxRTMzNi0xMV0gc3RyZWFtOiBzZW50IGhlYWRlcnMKMTE6MzI6MzUuMzAwIFtJTkZPXSBodHRwX3NlcnZlcl9vbl9jbG9zZSBjYWxsZWQKMTE6MzI6MzUuMzI2IFtJTkZPXSBbUVVJQzo3RTkwMjkwRjFFRjFFMzM2XSBhbGFybXNldDogcmluZyBleHBpcmVkIEFDS19BUFAgYWxhcm0KMTE6MzI6MzUuMzQxIFtJTkZPXSBbUVVJQzo3RTkwMjkwRjFFRjFFMzM2XSByZWNoaXN0OiBzdG9wIHdhaXQ6IDEyCjExOjMyOjM1Ljk4NSBbSU5GT10gZ290IHJlcXVlc3Q6IGBHRVQgL0RvY2tlcmZpbGUgSFRUUC8xLjENCnByYWdtYTogbm8tY2FjaGUNCmNhY2hlLWNvbnRyb2w6IG5vLWNhY2hlDQp1cGdyYWRlLWluc2VjdXJlLXJlcXVlc3RzOiAxDQp1c2VyLWFnZW50OiBNb3ppbGxhLzUuMCAoTWFjaW50b3NoOyBJbnRlbCBNYWMgT1MgWCAxMF8xNV8xKSBBcHBsZVdlYktpdC81MzcuMzYgKEtIVE1MLCBsaWtlIEdlY2tvKSBDaHJvbWUvODAuMC4zOTYxLjAgU2FmYXJpLzUzNy4zNg0Kc2VjLWZldGNoLXVzZXI6ID8xDQphY2NlcHQ6IHRleHQvaHRtbCxhcHBsaWNhdGlvbi94aHRtbCt4bWwsYXBwbGljYXRpb24veG1sO3E9MC45LGltYWdlL3dlYnAsaW1hZ2UvYXBuZywqLyo7cT0wLjgsYXBwbGljYXRpb24vc2lnbmVkLWV4Y2hhbmdlO3Y9YjM7cT0wLjkNCnNlYy1mZXRjaC1zaXRlOiBub25lDQpzZWMtZmV0Y2gtbW9kZTogbmF2aWdhdGUNCmFjY2VwdC1lbmNvZGluZzogZ3ppcCwgZGVmbGF0ZSwgYnINCmFjY2VwdC1sYW5ndWFnZTogemgtQ04semg7cT0wLjkNCkhvc3Q6IGluZm8uc25vbWlsZS5pbmsNCkNvb2tpZTogc3RhcnRpbWVzX3dlYl90b2tlbj1leUpoYkdjaU9pSklVelV4TWlKOS5leUpoY0hBaU9qRXNJblZwWkNJNk9UazVPU3dpWTJOdlpHVWlPaUpMUlNJc0luSnZiR1VpT2pFc0ltTnlaV0YwWldRaU9qRTFORE01TVRNd05qQTVOREFzSW1WNGNDSTZNVGcxTkRrMU16QTJNQ3dpWTJsa0lqbzJmUS5NMUdWZ3RGSXI5X0ZPeDhPbS1Id2ZLeURlZjRfNzN4cXE3N2tNdks2X0psbVNIS2RRclV6eGN1Z3VSS2dkVmFfTkF5Y3VmMy1sbkwwOV9EUWg3TDNDdzsgX2dhPUdBMS4yLjE0NTk2OTA5OS4xNTcwNzA4NDMxDQoNCicKMTE6MzI6MzUuOTg2IFtJTkZPXSBmaWxlbmFtZSB0byBmZXRjaDogL2hvbWUvdWJ1bnR1Ly9Eb2NrZXJmaWxlCjExOjMyOjM1Ljk4NiBbSU5GT10gW1FVSUM6N0U5MDI5MEYxRUYxRTMzNi0xM10gc3RyZWFtOiBzZW50IGhlYWRlcnMKMTE6MzI6MzUuOTg2IFtJTkZPXSBodHRwX3NlcnZlcl9vbl9jbG9zZSBjYWxsZWQKMTE6MzI6MzYuMDExIFtJTkZPXSBbUVVJQzo3RTkwMjkwRjFFRjFFMzM2XSBhbGFybXNldDogcmluZyBleHBpcmVkIEFDS19BUFAgYWxhcm0KMTE6MzI6MzYuMDEyIFtJTkZPXSBbUVVJQzo3RTkwMjkwRjFFRjFFMzM2XSByZWNoaXN0OiBzdG9wIHdhaXQ6IDE0CjExOjMyOjM2LjY3NyBbSU5GT10gZ290IHJlcXVlc3Q6IGBHRVQgL0RvY2tlcmZpbGUgSFRUUC8xLjENCnByYWdtYTogbm8tY2FjaGUNCmNhY2hlLWNvbnRyb2w6IG5vLWNhY2hlDQp1cGdyYWRlLWluc2VjdXJlLXJlcXVlc3RzOiAxDQp1c2VyLWFnZW50OiBNb3ppbGxhLzUuMCAoTWFjaW50b3NoOyBJbnRlbCBNYWMgT1MgWCAxMF8xNV8xKSBBcHBsZVdlYktpdC81MzcuMzYgKEtIVE1MLCBsaWtlIEdlY2tvKSBDaHJvbWUvODAuMC4zOTYxLjAgU2FmYXJpLzUzNy4zNg0Kc2VjLWZldGNoLXVzZXI6ID8xDQphY2NlcHQ6IHRleHQvaHRtbCxhcHBsaWNhdGlvbi94aHRtbCt4bWwsYXBwbGljYXRpb24veG1sO3E9MC45LGltYWdlL3dlYnAsaW1hZ2UvYXBuZywqLyo7cT0wLjgsYXBwbGljYXRpb24vc2lnbmVkLWV4Y2hhbmdlO3Y9YjM7cT0wLjkNCnNlYy1mZXRjaC1zaXRlOiBub25lDQpzZWMtZmV0Y2gtbW9kZTogbmF2aWdhdGUNCmFjY2VwdC1lbmNvZGluZzogZ3ppcCwgZGVmbGF0ZSwgYnINCmFjY2VwdC1sYW5ndWFnZTogemgtQ04semg7cT0wLjkNCkhvc3Q6IGluZm8uc25vbWlsZS5pbmsNCkNvb2tpZTogc3RhcnRpbWVzX3dlYl90b2tlbj1leUpoYkdjaU9pSklVelV4TWlKOS5leUpoY0hBaU9qRXNJblZwWkNJNk9UazVPU3dpWTJOdlpHVWlPaUpMUlNJc0luSnZiR1VpT2pFc0ltTnlaV0YwWldRaU9qRTFORE01TVRNd05qQTVOREFzSW1WNGNDSTZNVGcxTkRrMU16QTJNQ3dpWTJsa0lqbzJmUS5NMUdWZ3RGSXI5X0ZPeDhPbS1Id2ZLeURlZjRfNzN4cXE3N2tNdks2X0psbVNIS2RRclV6eGN1Z3VSS2dkVmFfTkF5Y3VmMy1sbkwwOV9EUWg3TDNDdzsgX2dhPUdBMS4yLjE0NTk2OTA5OS4xNTcwNzA4NDMxDQoNCicKMTE6MzI6MzYuNjc3IFtJTkZPXSBmaWxlbmFtZSB0byBmZXRjaDogL2hvbWUvdWJ1bnR1Ly9Eb2NrZXJmaWxlCjExOjMyOjM2LjY3NyBbSU5GT10gW1FVSUM6N0U5MDI5MEYxRUYxRTMzNi0xNV0gc3RyZWFtOiBzZW50IGhlYWRlcnMKMTE6MzI6MzYuNjc3IFtJTkZPXSBodHRwX3NlcnZlcl9vbl9jbG9zZSBjYWxsZWQKMTE6MzI6MzYuNzAzIFtJTkZPXSBbUVVJQzo3RTkwMjkwRjFFRjFFMzM2XSBhbGFybXNldDogcmluZyBleHBpcmVkIEFDS19BUFAgYWxhcm0KMTE6MzI6MzYuNzA3IFtJTkZPXSBbUVVJQzo3RTkwMjkwRjFFRjFFMzM2XSByZWNoaXN0OiBzdG9wIHdhaXQ6IDE2CjExOjMyOjM5LjE2MiBbSU5GT10gZ290IHJlcXVlc3Q6IGBHRVQgL0RvY2tlcmZpbGUgSFRUUC8xLjENCnByYWdtYTogbm8tY2FjaGUNCmNhY2hlLWNvbnRyb2w6IG5vLWNhY2hlDQp1cGdyYWRlLWluc2VjdXJlLXJlcXVlc3RzOiAxDQp1c2VyLWFnZW50OiBNb3ppbGxhLzUuMCAoTWFjaW50b3NoOyBJbnRlbCBNYWMgT1MgWCAxMF8xNV8xKSBBcHBsZVdlYktpdC81MzcuMzYgKEtIVE1MLCBsaWtlIEdlY2tvKSBDaHJvbWUvODAuMC4zOTYxLjAgU2FmYXJpLzUzNy4zNg0Kc2VjLWZldGNoLXVzZXI6ID8xDQphY2NlcHQ6IHRleHQvaHRtbCxhcHBsaWNhdGlvbi94aHRtbCt4bWwsYXBwbGljYXRpb24veG1sO3E9MC45LGltYWdlL3dlYnAsaW1hZ2UvYXBuZywqLyo7cT0wLjgsYXBwbGljYXRpb24vc2lnbmVkLWV4Y2hhbmdlO3Y9YjM7cT0wLjkNCnNlYy1mZXRjaC1zaXRlOiBub25lDQpzZWMtZmV0Y2gtbW9kZTogbmF2aWdhdGUNCmFjY2VwdC1lbmNvZGluZzogZ3ppcCwgZGVmbGF0ZSwgYnINCmFjY2VwdC1sYW5ndWFnZTogemgtQ04semg7cT0wLjkNCkhvc3Q6IGluZm8uc25vbWlsZS5pbmsNCkNvb2tpZTogc3RhcnRpbWVzX3dlYl90b2tlbj1leUpoYkdjaU9pSklVelV4TWlKOS5leUpoY0hBaU9qRXNJblZwWkNJNk9UazVPU3dpWTJOdlpHVWlPaUpMUlNJc0luSnZiR1VpT2pFc0ltTnlaV0YwWldRaU9qRTFORE01TVRNd05qQTVOREFzSW1WNGNDSTZNVGcxTkRrMU16QTJNQ3dpWTJsa0lqbzJmUS5NMUdWZ3RGSXI5X0ZPeDhPbS1Id2ZLeURlZjRfNzN4cXE3N2tNdks2X0psbVNIS2RRclV6eGN1Z3VSS2dkVmFfTkF5Y3VmMy1sbkwwOV9EUWg3TDNDdzsgX2dhPUdBMS4yLjE0NTk2OTA5OS4xNTcwNzA4NDMxDQoNCicKMTE6MzI6MzkuMTYzIFtJTkZPXSBmaWxlbmFtZSB0byBmZXRjaDogL2hvbWUvdWJ1bnR1Ly9Eb2NrZXJmaWxlCjExOjMyOjM5LjE2MyBbSU5GT10gW1FVSUM6N0U5MDI5MEYxRUYxRTMzNi0xN10gc3RyZWFtOiBzZW50IGhlYWRlcnMKMTE6MzI6MzkuMTYzIFtJTkZPXSBodHRwX3NlcnZlcl9vbl9jbG9zZSBjYWxsZWQKMTE6MzI6MzkuMTg4IFtJTkZPXSBbUVVJQzo3RTkwMjkwRjFFRjFFMzM2XSBhbGFybXNldDogcmluZyBleHBpcmVkIEFDS19BUFAgYWxhcm0KMTE6MzI6MzkuMTg5IFtJTkZPXSBbUVVJQzo3RTkwMjkwRjFFRjFFMzM2XSByZWNoaXN0OiBzdG9wIHdhaXQ6IDE4CjExOjMzOjA4LjE5MiBbSU5GT10gW1FVSUM6N0U5MDI5MEYxRUYxRTMzNl0gY29ubjogUmVjZWl2ZWQgQ09OTkVDVElPTl9DTE9TRSBmcmFtZSAoY29kZTogMjU7IHJlYXNvbjogTm8gcmVjZW50IG5ldHdvcmsgYWN0aXZpdHkuKQoxMTozMzowOC4xOTIgW0lORk9dIFtRVUlDOjdFOTAyOTBGMUVGMUUzMzZdIHJlY2hpc3Q6IHN0b3Agd2FpdDogMTgKMTE6MzM6MDguMTkyIFtJTkZPXSBDb25uZWN0aW9uIGNsb3NlZAoxMTozMzowOC4xOTIgW05PVElDRV0gW1FVSUM6N0U5MDI5MEYxRUYxRTMzNl0gc2VuZGN0bDogc3RhdHM6IG5fdG90YWxfc2VudDogMjA7IG5fcmVzZW50OiAwOyBuX2RlbGF5ZWQ6IDAKMTE6MzM6MzkuOTM2IFtJTkZPXSBbUVVJQzozRjg4MkY1NzM5RDE1RDA5XSBjb25uOiBBcHBseWluZyBwZWVyIGNvbmZpZzogY2ZjdzogMTU3Mjg2NDA7IHNmY3c6IDYyOTE0NTY7ICMgc3RyZWFtczogMTAwCjExOjMzOjM5LjkzNiBbSU5GT10gW1FVSUM6M0Y4ODJGNTczOUQxNUQwOV0gc2VuZGN0bDogc2V0IFRDSUQgZmxhZwoxMTozMzozOS45MzYgW0lORk9dIFtRVUlDOjNGODgyRjU3MzlEMTVEMDldIGNvbm46IENyZWF0ZWQgbmV3IHNlcnZlciBjb25uZWN0aW9uCjExOjMzOjM5LjkzNyBbSU5GT10gZ290IHJlcXVlc3Q6IGBHRVQgL0RvY2tlcmZpbGUgSFRUUC8xLjENCnByYWdtYTogbm8tY2FjaGUNCmNhY2hlLWNvbnRyb2w6IG5vLWNhY2hlDQp1cGdyYWRlLWluc2VjdXJlLXJlcXVlc3RzOiAxDQp1c2VyLWFnZW50OiBNb3ppbGxhLzUuMCAoTWFjaW50b3NoOyBJbnRlbCBNYWMgT1MgWCAxMF8xNV8xKSBBcHBsZVdlYktpdC81MzcuMzYgKEtIVE1MLCBsaWtlIEdlY2tvKSBDaHJvbWUvODAuMC4zOTYxLjAgU2FmYXJpLzUzNy4zNg0Kc2VjLWZldGNoLXVzZXI6ID8xDQphY2NlcHQ6IHRleHQvaHRtbCxhcHBsaWNhdGlvbi94aHRtbCt4bWwsYXBwbGljYXRpb24veG1sO3E9MC45LGltYWdlL3dlYnAsaW1hZ2UvYXBuZywqLyo7cT0wLjgsYXBwbGljYXRpb24vc2lnbmVkLWV4Y2hhbmdlO3Y9YjM7cT0wLjkNCnNlYy1mZXRjaC1zaXRlOiBub25lDQpzZWMtZmV0Y2gtbW9kZTogbmF2aWdhdGUNCmFjY2VwdC1lbmNvZGluZzogZ3ppcCwgZGVmbGF0ZSwgYnINCmFjY2VwdC1sYW5ndWFnZTogemgtQ04semg7cT0wLjkNCkhvc3Q6IGluZm8uc25vbWlsZS5pbmsNCkNvb2tpZTogc3RhcnRpbWVzX3dlYl90b2tlbj1leUpoYkdjaU9pSklVelV4TWlKOS5leUpoY0hBaU9qRXNJblZwWkNJNk9UazVPU3dpWTJOdlpHVWlPaUpMUlNJc0luSnZiR1VpT2pFc0ltTnlaV0YwWldRaU9qRTFORE01TVRNd05qQTVOREFzSW1WNGNDSTZNVGcxTkRrMU16QTJNQ3dpWTJsa0lqbzJmUS5NMUdWZ3RGSXI5X0ZPeDhPbS1Id2ZLeURlZjRfNzN4cXE3N2tNdks2X0psbVNIS2RRclV6eGN1Z3VSS2dkVmFfTkF5Y3VmMy1sbkwwOV9EUWg3TDNDdzsgX2dhPUdBMS4yLjE0NTk2OTA5OS4xNTcwNzA4NDMxDQoNCicKMTE6MzM6MzkuOTM3IFtJTkZPXSBmaWxlbmFtZSB0byBmZXRjaDogL2hvbWUvdWJ1bnR1Ly9Eb2NrZXJmaWxlCjExOjMzOjM5LjkzNyBbSU5GT10gW1FVSUM6M0Y4ODJGNTczOUQxNUQwOS01XSBzdHJlYW06IHNlbnQgaGVhZGVycwoxMTozMzozOS45MzcgW0lORk9dIGh0dHBfc2VydmVyX29uX2Nsb3NlIGNhbGxlZAoxMTozMzozOS45NjEgW0lORk9dIFtRVUlDOjNGODgyRjU3MzlEMTVEMDldIGFsYXJtc2V0OiByaW5nIGV4cGlyZWQgUkVUWF9BUFAgYWxhcm0KMTE6MzM6MzkuOTYxIFtJTkZPXSBbUVVJQzozRjg4MkY1NzM5RDE1RDA5XSBzZW5kY3RsOiByZXR4IHRpbWVvdXQsIG1vZGUgUkVUWF9NT0RFX1RMUAoxMTozMzozOS45NjYgW0lORk9dIFtRVUlDOjNGODgyRjU3MzlEMTVEMDldIGFsYXJtc2V0OiByaW5nIGV4cGlyZWQgQUNLX0FQUCBhbGFybQoxMTozMzozOS45NzAgW0lORk9dIFtRVUlDOjNGODgyRjU3MzlEMTVEMDldIHJlY2hpc3Q6IHN0b3Agd2FpdDogMgoxMTozMzo0MC44MDUgW0lORk9dIGdvdCByZXF1ZXN0OiBgR0VUIC9Eb2NrZXJmaWxlIEhUVFAvMS4xDQpwcmFnbWE6IG5vLWNhY2hlDQpjYWNoZS1jb250cm9sOiBuby1jYWNoZQ0KdXBncmFkZS1pbnNlY3VyZS1yZXF1ZXN0czogMQ0KdXNlci1hZ2VudDogTW96aWxsYS81LjAgKE1hY2ludG9zaDsgSW50ZWwgTWFjIE9TIFggMTBfMTVfMSkgQXBwbGVXZWJLaXQvNTM3LjM2IChLSFRNTCwgbGlrZSBHZWNrbykgQ2hyb21lLzgwLjAuMzk2MS4wIFNhZmFyaS81MzcuMzYNCnNlYy1mZXRjaC11c2VyOiA/MQ0KYWNjZXB0OiB0ZXh0L2h0bWwsYXBwbGljYXRpb24veGh0bWwreG1sLGFwcGxpY2F0aW9uL3htbDtxPTAuOSxpbWFnZS93ZWJwLGltYWdlL2FwbmcsKi8qO3E9MC44LGFwcGxpY2F0aW9uL3NpZ25lZC1leGNoYW5nZTt2PWIzO3E9MC45DQpzZWMtZmV0Y2gtc2l0ZTogbm9uZQ0Kc2VjLWZldGNoLW1vZGU6IG5hdmlnYXRlDQphY2NlcHQtZW5jb2Rpbmc6IGd6aXAsIGRlZmxhdGUsIGJyDQphY2NlcHQtbGFuZ3VhZ2U6IHpoLUNOLHpoO3E9MC45DQpIb3N0OiBpbmZvLnNub21pbGUuaW5rDQpDb29raWU6IHN0YXJ0aW1lc193ZWJfdG9rZW49ZXlKaGJHY2lPaUpJVXpVeE1pSjkuZXlKaGNIQWlPakVzSW5WcFpDSTZPVGs1T1N3aVkyTnZaR1VpT2lKTFJTSXNJbkp2YkdVaU9qRXNJbU55WldGMFpXUWlPakUxTkRNNU1UTXdOakE1TkRBc0ltVjRjQ0k2TVRnMU5EazFNekEyTUN3aVkybGtJam8yZlEuTTFHVmd0RklyOV9GT3g4T20tSHdmS3lEZWY0XzczeHFxNzdrTXZLNl9KbG1TSEtkUXJVenhjdWd1UktnZFZhX05BeWN1ZjMtbG5MMDlfRFFoN0wzQ3c7IF9nYT1HQTEuMi4xNDU5NjkwOTkuMTU3MDcwODQzMQ0KDQonCjExOjMzOjQwLjgwNSBbSU5GT10gZmlsZW5hbWUgdG8gZmV0Y2g6IC9ob21lL3VidW50dS8vRG9ja2VyZmlsZQoxMTozMzo0MC44MDYgW0lORk9dIFtRVUlDOjNGODgyRjU3MzlEMTVEMDktN10gc3RyZWFtOiBzZW50IGhlYWRlcnMKMTE6MzM6NDAuODA2IFtJTkZPXSBodHRwX3NlcnZlcl9vbl9jbG9zZSBjYWxsZWQKMTE6MzM6NDAuODI2IFtJTkZPXSBbUVVJQzozRjg4MkY1NzM5RDE1RDA5XSBhbGFybXNldDogcmluZyBleHBpcmVkIFJFVFhfQVBQIGFsYXJtCjExOjMzOjQwLjgyNiBbSU5GT10gW1FVSUM6M0Y4ODJGNTczOUQxNUQwOV0gc2VuZGN0bDogcmV0eCB0aW1lb3V0LCBtb2RlIFJFVFhfTU9ERV9UTFAKMTE6MzM6NDAuODI3IFtJTkZPXSBbUVVJQzozRjg4MkY1NzM5RDE1RDA5XSByZWNoaXN0OiBzdG9wIHdhaXQ6IDQKMTE6MzM6NDAuODUyIFtJTkZPXSBbUVVJQzozRjg4MkY1NzM5RDE1RDA5XSBhbGFybXNldDogcmluZyBleHBpcmVkIEFDS19BUFAgYWxhcm0KMTE6MzQ6MDkuODU1IFtJTkZPXSBbUVVJQzozRjg4MkY1NzM5RDE1RDA5XSBjb25uOiBSZWNlaXZlZCBDT05ORUNUSU9OX0NMT1NFIGZyYW1lIChjb2RlOiAyNTsgcmVhc29uOiBObyByZWNlbnQgbmV0d29yayBhY3Rpdml0eS4pCjExOjM0OjA5Ljg1NSBbSU5GT10gW1FVSUM6M0Y4ODJGNTczOUQxNUQwOV0gcmVjaGlzdDogc3RvcCB3YWl0OiA3CjExOjM0OjA5Ljg1NSBbSU5GT10gQ29ubmVjdGlvbiBjbG9zZWQKMTE6MzQ6MDkuODU1IFtOT1RJQ0VdIFtRVUlDOjNGODgyRjU3MzlEMTVEMDldIHNlbmRjdGw6IHN0YXRzOiBuX3RvdGFsX3NlbnQ6IDk7IG5fcmVzZW50OiAwOyBuX2RlbGF5ZWQ6IDAKMTE6MzQ6MzcuMDE4IFtJTkZPXSBbUVVJQzpFNUE0OUM2RjY0QjA5RDlBXSBjb25uOiBBcHBseWluZyBwZWVyIGNvbmZpZzogY2ZjdzogMTU3Mjg2NDA7IHNmY3c6IDYyOTE0NTY7ICMgc3RyZWFtczogMTAwCjExOjM0OjM3LjAxOCBbSU5GT10gW1FVSUM6RTVBNDlDNkY2NEIwOUQ5QV0gc2VuZGN0bDogc2V0IFRDSUQgZmxhZwoxMTozNDozNy4wMTggW0lORk9dIFtRVUlDOkU1QTQ5QzZGNjRCMDlEOUFdIGNvbm46IENyZWF0ZWQgbmV3IHNlcnZlciBjb25uZWN0aW9uCjExOjM0OjM3LjAxOSBbSU5GT10gZ290IHJlcXVlc3Q6IGBHRVQgL0RvY2tlcmZpbGUgSFRUUC8xLjENCnByYWdtYTogbm8tY2FjaGUNCmNhY2hlLWNvbnRyb2w6IG5vLWNhY2hlDQp1cGdyYWRlLWluc2VjdXJlLXJlcXVlc3RzOiAxDQp1c2VyLWFnZW50OiBNb3ppbGxhLzUuMCAoTWFjaW50b3NoOyBJbnRlbCBNYWMgT1MgWCAxMF8xNV8xKSBBcHBsZVdlYktpdC81MzcuMzYgKEtIVE1MLCBsaWtlIEdlY2tvKSBDaHJvbWUvODAuMC4zOTYxLjAgU2FmYXJpLzUzNy4zNg0Kc2VjLWZldGNoLXVzZXI6ID8xDQphY2NlcHQ6IHRleHQvaHRtbCxhcHBsaWNhdGlvbi94aHRtbCt4bWwsYXBwbGljYXRpb24veG1sO3E9MC45LGltYWdlL3dlYnAsaW1hZ2UvYXBuZywqLyo7cT0wLjgsYXBwbGljYXRpb24vc2lnbmVkLWV4Y2hhbmdlO3Y9YjM7cT0wLjkNCnNlYy1mZXRjaC1zaXRlOiBub25lDQpzZWMtZmV0Y2gtbW9kZTogbmF2aWdhdGUNCmFjY2VwdC1lbmNvZGluZzogZ3ppcCwgZGVmbGF0ZSwgYnINCmFjY2VwdC1sYW5ndWFnZTogemgtQ04semg7cT0wLjkNCkhvc3Q6IGluZm8uc25vbWlsZS5pbmsNCkNvb2tpZTogc3RhcnRpbWVzX3dlYl90b2tlbj1leUpoYkdjaU9pSklVelV4TWlKOS5leUpoY0hBaU9qRXNJblZwWkNJNk9UazVPU3dpWTJOdlpHVWlPaUpMUlNJc0luSnZiR1VpT2pFc0ltTnlaV0YwWldRaU9qRTFORE01TVRNd05qQTVOREFzSW1WNGNDSTZNVGcxTkRrMU16QTJNQ3dpWTJsa0lqbzJmUS5NMUdWZ3RGSXI5X0ZPeDhPbS1Id2ZLeURlZjRfNzN4cXE3N2tNdks2X0psbVNIS2RRclV6eGN1Z3VSS2dkVmFfTkF5Y3VmMy1sbkwwOV9EUWg3TDNDdzsgX2dhPUdBMS4yLjE0NTk2OTA5OS4xNTcwNzA4NDMxDQoNCicKMTE6MzQ6MzcuMDIwIFtJTkZPXSBmaWxlbmFtZSB0byBmZXRjaDogL2hvbWUvdWJ1bnR1Ly9Eb2NrZXJmaWxlCjExOjM0OjM3LjAyMCBbSU5GT10gW1FVSUM6RTVBNDlDNkY2NEIwOUQ5QS01XSBzdHJlYW06IHNlbnQgaGVhZGVycwoxMTozNDozNy4wMjAgW0lORk9dIGh0dHBfc2VydmVyX29uX2Nsb3NlIGNhbGxlZAoxMTozNDozNy4wNDcgW0lORk9dIFtRVUlDOkU1QTQ5QzZGNjRCMDlEOUFdIGFsYXJtc2V0OiByaW5nIGV4cGlyZWQgUkVUWF9BUFAgYWxhcm0KMTE6MzQ6MzcuMDQ4IFtJTkZPXSBbUVVJQzpFNUE0OUM2RjY0QjA5RDlBXSBzZW5kY3RsOiByZXR4IHRpbWVvdXQsIG1vZGUgUkVUWF9NT0RFX1RMUAoxMTozNDozNy4wNTIgW0lORk9dIFtRVUlDOkU1QTQ5QzZGNjRCMDlEOUFdIGFsYXJtc2V0OiByaW5nIGV4cGlyZWQgQUNLX0FQUCBhbGFybQoxMTozNDozNy4wNTIgW0lORk9dIFtRVUlDOkU1QTQ5QzZGNjRCMDlEOUFdIHJlY2hpc3Q6IHN0b3Agd2FpdDogMgoxMTozNDo0MS45OTEgW0lORk9dIFtRVUlDOkU1QTQ5QzZGNjRCMDlEOUFdIGNvbm46IFJlY2VpdmVkIENPTk5FQ1RJT05fQ0xPU0UgZnJhbWUgKGNvZGU6IDcwOyByZWFzb246IG5ldCBlcnJvcikKMTE6MzQ6NDEuOTkxIFtJTkZPXSBbUVVJQzpFNUE0OUM2RjY0QjA5RDlBXSByZWNoaXN0OiBzdG9wIHdhaXQ6IDQKMTE6MzQ6NDEuOTkxIFtJTkZPXSBDb25uZWN0aW9uIGNsb3NlZAoxMTozNDo0MS45OTEgW05PVElDRV0gW1FVSUM6RTVBNDlDNkY2NEIwOUQ5QV0gc2VuZGN0bDogc3RhdHM6IG5fdG90YWxfc2VudDogNjsgbl9yZXNlbnQ6IDA7IG5fZGVsYXllZDogMAoxMTozNDo1NS4zNjYgW0lORk9dIFtRVUlDOkYyMkY3QzVEQjk5MUI5MjddIGNvbm46IEFwcGx5aW5nIHBlZXIgY29uZmlnOiBjZmN3OiAxNTcyODY0MDsgc2ZjdzogNjI5MTQ1NjsgIyBzdHJlYW1zOiAxMDAKMTE6MzQ6NTUuMzY2IFtJTkZPXSBbUVVJQzpGMjJGN0M1REI5OTFCOTI3XSBzZW5kY3RsOiBzZXQgVENJRCBmbGFnCjExOjM0OjU1LjM2NiBbSU5GT10gW1FVSUM6RjIyRjdDNURCOTkxQjkyN10gY29ubjogQ3JlYXRlZCBuZXcgc2VydmVyIGNvbm5lY3Rpb24KMTE6MzQ6NTUuMzcyIFtJTkZPXSBnb3QgcmVxdWVzdDogYEdFVCAvRG9ja2VyZmlsZSBIVFRQLzEuMQ0KcHJhZ21hOiBuby1jYWNoZQ0KY2FjaGUtY29udHJvbDogbm8tY2FjaGUNCnVwZ3JhZGUtaW5zZWN1cmUtcmVxdWVzdHM6IDENCnVzZXItYWdlbnQ6IE1vemlsbGEvNS4wIChNYWNpbnRvc2g7IEludGVsIE1hYyBPUyBYIDEwXzE1XzEpIEFwcGxlV2ViS2l0LzUzNy4zNiAoS0hUTUwsIGxpa2UgR2Vja28pIENocm9tZS84MC4wLjM5NjEuMCBTYWZhcmkvNTM3LjM2DQpzZWMtZmV0Y2gtdXNlcjogPzENCmFjY2VwdDogdGV4dC9odG1sLGFwcGxpY2F0aW9uL3hodG1sK3htbCxhcHBsaWNhdGlvbi94bWw7cT0wLjksaW1hZ2Uvd2VicCxpbWFnZS9hcG5nLCovKjtxPTAuOCxhcHBsaWNhdGlvbi9zaWduZWQtZXhjaGFuZ2U7dj1iMztxPTAuOQ0Kc2VjLWZldGNoLXNpdGU6IG5vbmUNCnNlYy1mZXRjaC1tb2RlOiBuYXZpZ2F0ZQ0KYWNjZXB0LWVuY29kaW5nOiBnemlwLCBkZWZsYXRlLCBicg0KYWNjZXB0LWxhbmd1YWdlOiB6aC1DTix6aDtxPTAuOQ0KSG9zdDogaW5mby5zbm9taWxlLmluaw0KQ29va2llOiBzdGFydGltZXNfd2ViX3Rva2VuPWV5SmhiR2NpT2lKSVV6VXhNaUo5LmV5SmhjSEFpT2pFc0luVnBaQ0k2T1RrNU9Td2lZMk52WkdVaU9pSkxSU0lzSW5KdmJHVWlPakVzSW1OeVpXRjBaV1FpT2pFMU5ETTVNVE13TmpBNU5EQXNJbVY0Y0NJNk1UZzFORGsxTXpBMk1Dd2lZMmxrSWpvMmZRLk0xR1ZndEZJcjlfRk94OE9tLUh3Zkt5RGVmNF83M3hxcTc3a012SzZfSmxtU0hLZFFyVXp4Y3VndVJLZ2RWYV9OQXljdWYzLWxuTDA5X0RRaDdMM0N3OyBfZ2E9R0ExLjIuMTQ1OTY5MDk5LjE1NzA3MDg0MzENCg0KJwoxMTozNDo1NS4zNzIgW0lORk9dIGZpbGVuYW1lIHRvIGZldGNoOiAvaG9tZS91YnVudHUvL0RvY2tlcmZpbGUKMTE6MzQ6NTUuMzcyIFtJTkZPXSBbUVVJQzpGMjJGN0M1REI5OTFCOTI3LTVdIHN0cmVhbTogc2VudCBoZWFkZXJzCjExOjM0OjU1LjM3MiBbSU5GT10gaHR0cF9zZXJ2ZXJfb25fY2xvc2UgY2FsbGVkCjExOjM0OjU1LjM5MiBbSU5GT10gW1FVSUM6RjIyRjdDNURCOTkxQjkyN10gYWxhcm1zZXQ6IHJpbmcgZXhwaXJlZCBSRVRYX0FQUCBhbGFybQoxMTozNDo1NS4zOTMgW0lORk9dIFtRVUlDOkYyMkY3QzVEQjk5MUI5MjddIHNlbmRjdGw6IHJldHggdGltZW91dCwgbW9kZSBSRVRYX01PREVfVExQCjExOjM0OjU1LjM5NCBbSU5GT10gW1FVSUM6RjIyRjdDNURCOTkxQjkyN10gcmVjaGlzdDogc3RvcCB3YWl0OiA0CjExOjM0OjU1LjQyMCBbSU5GT10gW1FVSUM6RjIyRjdDNURCOTkxQjkyN10gYWxhcm1zZXQ6IHJpbmcgZXhwaXJlZCBBQ0tfQVBQIGFsYXJtCjExOjM1OjI0LjQyNSBbSU5GT10gW1FVSUM6RjIyRjdDNURCOTkxQjkyN10gY29ubjogUmVjZWl2ZWQgQ09OTkVDVElPTl9DTE9TRSBmcmFtZSAoY29kZTogMjU7IHJlYXNvbjogTm8gcmVjZW50IG5ldHdvcmsgYWN0aXZpdHkuKQoxMTozNToyNC40MjUgW0lORk9dIFtRVUlDOkYyMkY3QzVEQjk5MUI5MjddIHJlY2hpc3Q6IHN0b3Agd2FpdDogNwoxMTozNToyNC40MjUgW0lORk9dIENvbm5lY3Rpb24gY2xvc2VkCjExOjM1OjI0LjQyNSBbTk9USUNFXSBbUVVJQzpGMjJGN0M1REI5OTFCOTI3XSBzZW5kY3RsOiBzdGF0czogbl90b3RhbF9zZW50OiA2OyBuX3Jlc2VudDogMDsgbl9kZWxheWVkOiAwCjExOjM1OjM5LjYyOCBbSU5GT10gW1FVSUM6NEIzMTA3NDIyRjU3Q0QxQV0gY29ubjogQXBwbHlpbmcgcGVlciBjb25maWc6IGNmY3c6IDE1NzI4NjQwOyBzZmN3OiA2MjkxNDU2OyAjIHN0cmVhbXM6IDEwMAoxMTozNTozOS42MjggW0lORk9dIFtRVUlDOjRCMzEwNzQyMkY1N0NEMUFdIHNlbmRjdGw6IHNldCBUQ0lEIGZsYWcKMTE6MzU6MzkuNjI4IFtJTkZPXSBbUVVJQzo0QjMxMDc0MjJGNTdDRDFBXSBjb25uOiBDcmVhdGVkIG5ldyBzZXJ2ZXIgY29ubmVjdGlvbgoxMTozNTozOS42MjkgW0lORk9dIGdvdCByZXF1ZXN0OiBgR0VUIC9Eb2NrZXJmaWxlIEhUVFAvMS4xDQpwcmFnbWE6IG5vLWNhY2hlDQpjYWNoZS1jb250cm9sOiBuby1jYWNoZQ0KdXBncmFkZS1pbnNlY3VyZS1yZXF1ZXN0czogMQ0KdXNlci1hZ2VudDogTW96aWxsYS81LjAgKE1hY2ludG9zaDsgSW50ZWwgTWFjIE9TIFggMTBfMTVfMSkgQXBwbGVXZWJLaXQvNTM3LjM2IChLSFRNTCwgbGlrZSBHZWNrbykgQ2hyb21lLzgwLjAuMzk2MS4wIFNhZmFyaS81MzcuMzYNCnNlYy1mZXRjaC11c2VyOiA/MQ0KYWNjZXB0OiB0ZXh0L2h0bWwsYXBwbGljYXRpb24veGh0bWwreG1sLGFwcGxpY2F0aW9uL3htbDtxPTAuOSxpbWFnZS93ZWJwLGltYWdlL2FwbmcsKi8qO3E9MC44LGFwcGxpY2F0aW9uL3NpZ25lZC1leGNoYW5nZTt2PWIzO3E9MC45DQpzZWMtZmV0Y2gtc2l0ZTogbm9uZQ0Kc2VjLWZldGNoLW1vZGU6IG5hdmlnYXRlDQphY2NlcHQtZW5jb2Rpbmc6IGd6aXAsIGRlZmxhdGUsIGJyDQphY2NlcHQtbGFuZ3VhZ2U6IHpoLUNOLHpoO3E9MC45DQpIb3N0OiBpbmZvLnNub21pbGUuaW5rDQpDb29raWU6IHN0YXJ0aW1lc193ZWJfdG9rZW49ZXlKaGJHY2lPaUpJVXpVeE1pSjkuZXlKaGNIQWlPakVzSW5WcFpDSTZPVGs1T1N3aVkyTnZaR1VpT2lKTFJTSXNJbkp2YkdVaU9qRXNJbU55WldGMFpXUWlPakUxTkRNNU1UTXdOakE1TkRBc0ltVjRjQ0k2TVRnMU5EazFNekEyTUN3aVkybGtJam8yZlEuTTFHVmd0RklyOV9GT3g4T20tSHdmS3lEZWY0XzczeHFxNzdrTXZLNl9KbG1TSEtkUXJVenhjdWd1UktnZFZhX05BeWN1ZjMtbG5MMDlfRFFoN0wzQ3c7IF9nYT1HQTEuMi4xNDU5NjkwOTkuMTU3MDcwODQzMQ0KDQonCjExOjM1OjM5LjYyOSBbSU5GT10gZmlsZW5hbWUgdG8gZmV0Y2g6IC9ob21lL3VidW50dS8vRG9ja2VyZmlsZQoxMTozNTozOS42MjkgW0lORk9dIFtRVUlDOjRCMzEwNzQyMkY1N0NEMUEtNV0gc3RyZWFtOiBzZW50IGhlYWRlcnMKMTE6MzU6MzkuNjI5IFtJTkZPXSBodHRwX3NlcnZlcl9vbl9jbG9zZSBjYWxsZWQKMTE6MzU6MzkuNjQ4IFtJTkZPXSBbUVVJQzo0QjMxMDc0MjJGNTdDRDFBXSBhbGFybXNldDogcmluZyBleHBpcmVkIFJFVFhfQVBQIGFsYXJtCjExOjM1OjM5LjY0OCBbSU5GT10gW1FVSUM6NEIzMTA3NDIyRjU3Q0QxQV0gc2VuZGN0bDogcmV0eCB0aW1lb3V0LCBtb2RlIFJFVFhfTU9ERV9UTFAKMTE6MzU6MzkuNjU1IFtJTkZPXSBbUVVJQzo0QjMxMDc0MjJGNTdDRDFBXSBhbGFybXNldDogcmluZyBleHBpcmVkIEFDS19BUFAgYWxhcm0KMTE6MzU6MzkuNjY3IFtJTkZPXSBbUVVJQzo0QjMxMDc0MjJGNTdDRDFBXSBhbGFybXNldDogcmluZyBleHBpcmVkIFJFVFhfQVBQIGFsYXJtCjExOjM1OjM5LjY2NyBbSU5GT10gW1FVSUM6NEIzMTA3NDIyRjU3Q0QxQV0gc2VuZGN0bDogcmV0eCB0aW1lb3V0LCBtb2RlIFJFVFhfTU9ERV9UTFAKMTE6MzU6MzkuNjk0IFtJTkZPXSBbUVVJQzo0QjMxMDc0MjJGNTdDRDFBXSByZWNoaXN0OiBzdG9wIHdhaXQ6IDIKMTE6MzU6MzkuNzI4IFtJTkZPXSBbUVVJQzo0QjMxMDc0MjJGNTdDRDFBXSByZWNoaXN0OiBzdG9wIHdhaXQ6IDQKMTE6MzU6NDcuODMxIFtJTkZPXSBnb3QgcmVxdWVzdDogYEdFVCAvRG9ja2VyZmlsZSBIVFRQLzEuMQ0KcHJhZ21hOiBuby1jYWNoZQ0KY2FjaGUtY29udHJvbDogbm8tY2FjaGUNCnVwZ3JhZGUtaW5zZWN1cmUtcmVxdWVzdHM6IDENCnVzZXItYWdlbnQ6IE1vemlsbGEvNS4wIChNYWNpbnRvc2g7IEludGVsIE1hYyBPUyBYIDEwXzE1XzEpIEFwcGxlV2ViS2l0LzUzNy4zNiAoS0hUTUwsIGxpa2UgR2Vja28pIENocm9tZS84MC4wLjM5NjEuMCBTYWZhcmkvNTM3LjM2DQpzZWMtZmV0Y2gtdXNlcjogPzENCmFjY2VwdDogdGV4dC9odG1sLGFwcGxpY2F0aW9uL3hodG1sK3htbCxhcHBsaWNhdGlvbi94bWw7cT0wLjksaW1hZ2Uvd2VicCxpbWFnZS9hcG5nLCovKjtxPTAuOCxhcHBsaWNhdGlvbi9zaWduZWQtZXhjaGFuZ2U7dj1iMztxPTAuOQ0Kc2VjLWZldGNoLXNpdGU6IG5vbmUNCnNlYy1mZXRjaC1tb2RlOiBuYXZpZ2F0ZQ0KYWNjZXB0LWVuY29kaW5nOiBnemlwLCBkZWZsYXRlLCBicg0KYWNjZXB0LWxhbmd1YWdlOiB6aC1DTix6aDtxPTAuOQ0KSG9zdDogaW5mby5zbm9taWxlLmluaw0KQ29va2llOiBzdGFydGltZXNfd2ViX3Rva2VuPWV5SmhiR2NpT2lKSVV6VXhNaUo5LmV5SmhjSEFpT2pFc0luVnBaQ0k2T1RrNU9Td2lZMk52WkdVaU9pSkxSU0lzSW5KdmJHVWlPakVzSW1OeVpXRjBaV1FpT2pFMU5ETTVNVE13TmpBNU5EQXNJbVY0Y0NJNk1UZzFORGsxTXpBMk1Dd2lZMmxrSWpvMmZRLk0xR1ZndEZJcjlfRk94OE9tLUh3Zkt5RGVmNF83M3hxcTc3a012SzZfSmxtU0hLZFFyVXp4Y3VndVJLZ2RWYV9OQXljdWYzLWxuTDA5X0RRaDdMM0N3OyBfZ2E9R0ExLjIuMTQ1OTY5MDk5LjE1NzA3MDg0MzENCg0KJwoxMTozNTo0Ny44MzEgW0lORk9dIGZpbGVuYW1lIHRvIGZldGNoOiAvaG9tZS91YnVudHUvL0RvY2tlcmZpbGUKMTE6MzU6NDcuODMxIFtJTkZPXSBbUVVJQzo0QjMxMDc0MjJGNTdDRDFBLTddIHN0cmVhbTogc2VudCBoZWFkZXJzCjExOjM1OjQ3LjgzMSBbSU5GT10gaHR0cF9zZXJ2ZXJfb25fY2xvc2UgY2FsbGVkCjExOjM1OjQ3Ljg1NiBbSU5GT10gW1FVSUM6NEIzMTA3NDIyRjU3Q0QxQV0gYWxhcm1zZXQ6IHJpbmcgZXhwaXJlZCBBQ0tfQVBQIGFsYXJtCjExOjM1OjQ3Ljg2MiBbSU5GT10gW1FVSUM6NEIzMTA3NDIyRjU3Q0QxQV0gcmVjaGlzdDogc3RvcCB3YWl0OiA3CjExOjM1OjUxLjg5NCBbSU5GT10gZ290IHJlcXVlc3Q6IGBHRVQgL0RvY2tlcmZpbGUgSFRUUC8xLjENCnByYWdtYTogbm8tY2FjaGUNCmNhY2hlLWNvbnRyb2w6IG5vLWNhY2hlDQp1cGdyYWRlLWluc2VjdXJlLXJlcXVlc3RzOiAxDQp1c2VyLWFnZW50OiBNb3ppbGxhLzUuMCAoTWFjaW50b3NoOyBJbnRlbCBNYWMgT1MgWCAxMF8xNV8xKSBBcHBsZVdlYktpdC81MzcuMzYgKEtIVE1MLCBsaWtlIEdlY2tvKSBDaHJvbWUvODAuMC4zOTYxLjAgU2FmYXJpLzUzNy4zNg0Kc2VjLWZldGNoLXVzZXI6ID8xDQphY2NlcHQ6IHRleHQvaHRtbCxhcHBsaWNhdGlvbi94aHRtbCt4bWwsYXBwbGljYXRpb24veG1sO3E9MC45LGltYWdlL3dlYnAsaW1hZ2UvYXBuZywqLyo7cT0wLjgsYXBwbGljYXRpb24vc2lnbmVkLWV4Y2hhbmdlO3Y9YjM7cT0wLjkNCnNlYy1mZXRjaC1zaXRlOiBub25lDQpzZWMtZmV0Y2gtbW9kZTogbmF2aWdhdGUNCmFjY2VwdC1lbmNvZGluZzogZ3ppcCwgZGVmbGF0ZSwgYnINCmFjY2VwdC1sYW5ndWFnZTogemgtQ04semg7cT0wLjkNCkhvc3Q6IGluZm8uc25vbWlsZS5pbmsNCkNvb2tpZTogc3RhcnRpbWVzX3dlYl90b2tlbj1leUpoYkdjaU9pSklVelV4TWlKOS5leUpoY0hBaU9qRXNJblZwWkNJNk9UazVPU3dpWTJOdlpHVWlPaUpMUlNJc0luSnZiR1VpT2pFc0ltTnlaV0YwWldRaU9qRTFORE01TVRNd05qQTVOREFzSW1WNGNDSTZNVGcxTkRrMU16QTJNQ3dpWTJsa0lqbzJmUS5NMUdWZ3RGSXI5X0ZPeDhPbS1Id2ZLeURlZjRfNzN4cXE3N2tNdks2X0psbVNIS2RRclV6eGN1Z3VSS2dkVmFfTkF5Y3VmMy1sbkwwOV9EUWg3TDNDdzsgX2dhPUdBMS4yLjE0NTk2OTA5OS4xNTcwNzA4NDMxDQoNCicKMTE6MzU6NTEuODk0IFtJTkZPXSBmaWxlbmFtZSB0byBmZXRjaDogL2hvbWUvdWJ1bnR1Ly9Eb2NrZXJmaWxlCjExOjM1OjUxLjg5NCBbSU5GT10gW1FVSUM6NEIzMTA3NDIyRjU3Q0QxQS05XSBzdHJlYW06IHNlbnQgaGVhZGVycwoxMTozNTo1MS44OTQgW0lORk9dIGh0dHBfc2VydmVyX29uX2Nsb3NlIGNhbGxlZAoxMTozNTo1MS45MjAgW0lORk9dIFtRVUlDOjRCMzEwNzQyMkY1N0NEMUFdIGFsYXJtc2V0OiByaW5nIGV4cGlyZWQgQUNLX0FQUCBhbGFybQoxMTozNTo1MS45ODIgW0lORk9dIFtRVUlDOjRCMzEwNzQyMkY1N0NEMUFdIHJlY2hpc3Q6IHN0b3Agd2FpdDogOQoxMTozNjoyMC45MjggW0lORk9dIFtRVUlDOjRCMzEwNzQyMkY1N0NEMUFdIGNvbm46IFJlY2VpdmVkIENPTk5FQ1RJT05fQ0xPU0UgZnJhbWUgKGNvZGU6IDI1OyByZWFzb246IE5vIHJlY2VudCBuZXR3b3JrIGFjdGl2aXR5LikKMTE6MzY6MjAuOTI4IFtJTkZPXSBbUVVJQzo0QjMxMDc0MjJGNTdDRDFBXSByZWNoaXN0OiBzdG9wIHdhaXQ6IDkKMTE6MzY6MjAuOTI4IFtJTkZPXSBDb25uZWN0aW9uIGNsb3NlZAoxMTozNjoyMC45MjggW05PVElDRV0gW1FVSUM6NEIzMTA3NDIyRjU3Q0QxQV0gc2VuZGN0bDogc3RhdHM6IG5fdG90YWxfc2VudDogMTE7IG5fcmVzZW50OiAwOyBuX2RlbGF5ZWQ6IDAKMTE6MzY6NTkuMzA3IFtJTkZPXSBbUVVJQzpCNTE2QjM4QjlDMUUwNjZCXSBtaW5pLWNvbm46IGNvdWxkIG5vdCBkZWNyeXB0IHBhY2tldDogZGVmZXIKMTE6MzY6NTkuMzA4IFtJTkZPXSBbUVVJQzpCNTE2QjM4QjlDMUUwNjZCXSBtaW5pLWNvbm46IGNvdWxkIG5vdCBkZWNyeXB0IHBhY2tldDogZGVmZXIKMTE6MzY6NTkuMzA4IFtJTkZPXSBbUVVJQzpCNTE2QjM4QjlDMUUwNjZCXSBjb25uOiBBcHBseWluZyBwZWVyIGNvbmZpZzogY2ZjdzogMTU3Mjg2NDA7IHNmY3c6IDYyOTE0NTY7ICMgc3RyZWFtczogMTAwCjExOjM2OjU5LjMwOCBbSU5GT10gW1FVSUM6QjUxNkIzOEI5QzFFMDY2Ql0gc2VuZGN0bDogc2V0IFRDSUQgZmxhZwoxMTozNjo1OS4zMDggW0lORk9dIFtRVUlDOkI1MTZCMzhCOUMxRTA2NkJdIGNvbm46IENyZWF0ZWQgbmV3IHNlcnZlciBjb25uZWN0aW9uCjExOjM2OjU5LjMxMiBbSU5GT10gZ290IHJlcXVlc3Q6IGBHRVQgL0RvY2tlcmZpbGUgSFRUUC8xLjENCnVzZXItYWdlbnQ6IGxzcXVpYy8yLjUuMQ0KSG9zdDogaW5mby5zbm9taWxlLmluaw0KDQonCjExOjM2OjU5LjMxMiBbSU5GT10gZmlsZW5hbWUgdG8gZmV0Y2g6IC9ob21lL3VidW50dS8vRG9ja2VyZmlsZQoxMTozNjo1OS4zMTIgW0lORk9dIFtRVUlDOkI1MTZCMzhCOUMxRTA2NkItNV0gc3RyZWFtOiBzZW50IGhlYWRlcnMKMTE6MzY6NTkuMzEyIFtJTkZPXSBodHRwX3NlcnZlcl9vbl9jbG9zZSBjYWxsZWQKMTE6MzY6NTkuMzE1IFtJTkZPXSBbUVVJQzpCNTE2QjM4QjlDMUUwNjZCXSByZWNoaXN0OiBzdG9wIHdhaXQ6IDIKMTE6MzY6NTkuMzE1IFtJTkZPXSByZWNlaXZlZCBHT0FXQVkKMTE6MzY6NTkuMzE1IFtJTkZPXSBbUVVJQzpCNTE2QjM4QjlDMUUwNjZCXSBjb25uOiBSZWNlaXZlZCBDT05ORUNUSU9OX0NMT1NFIGZyYW1lIChjb2RlOiAxNjsgcmVhc29uOiApCjExOjM2OjU5LjMxNSBbSU5GT10gQ29ubmVjdGlvbiBjbG9zZWQKMTE6MzY6NTkuMzE1IFtOT1RJQ0VdIFtRVUlDOkI1MTZCMzhCOUMxRTA2NkJdIHNlbmRjdGw6IHN0YXRzOiBuX3RvdGFsX3NlbnQ6IDg7IG5fcmVzZW50OiAwOyBuX2RlbGF5ZWQ6IDAKMTE6Mzc6MDAuODc1IFtJTkZPXSBbUVVJQzoxMTk2OTVFNzZEOTY2N0U3XSBtaW5pLWNvbm46IGNvdWxkIG5vdCBkZWNyeXB0IHBhY2tldDogZGVmZXIKMTE6Mzc6MDAuODc2IFtJTkZPXSBbUVVJQzoxMTk2OTVFNzZEOTY2N0U3XSBtaW5pLWNvbm46IGNvdWxkIG5vdCBkZWNyeXB0IHBhY2tldDogZGVmZXIKMTE6Mzc6MDAuODc2IFtJTkZPXSBbUVVJQzoxMTk2OTVFNzZEOTY2N0U3XSBjb25uOiBBcHBseWluZyBwZWVyIGNvbmZpZzogY2ZjdzogMTU3Mjg2NDA7IHNmY3c6IDYyOTE0NTY7ICMgc3RyZWFtczogMTAwCjExOjM3OjAwLjg3NiBbSU5GT10gW1FVSUM6MTE5Njk1RTc2RDk2NjdFN10gc2VuZGN0bDogc2V0IFRDSUQgZmxhZwoxMTozNzowMC44NzYgW0lORk9dIFtRVUlDOjExOTY5NUU3NkQ5NjY3RTddIGNvbm46IENyZWF0ZWQgbmV3IHNlcnZlciBjb25uZWN0aW9uCjExOjM3OjAwLjg4MiBbSU5GT10gZ290IHJlcXVlc3Q6IGBHRVQgL0RvY2tlcmZpbGUgSFRUUC8xLjENCnVzZXItYWdlbnQ6IGxzcXVpYy8yLjUuMQ0KSG9zdDogaW5mby5zbm9taWxlLmluaw0KDQonCjExOjM3OjAwLjg4MiBbSU5GT10gZmlsZW5hbWUgdG8gZmV0Y2g6IC9ob21lL3VidW50dS8vRG9ja2VyZmlsZQoxMTozNzowMC44ODIgW0lORk9dIFtRVUlDOjExOTY5NUU3NkQ5NjY3RTctNV0gc3RyZWFtOiBzZW50IGhlYWRlcnMKMTE6Mzc6MDAuODgyIFtJTkZPXSBodHRwX3NlcnZlcl9vbl9jbG9zZSBjYWxsZWQKMTE6Mzc6MDAuODg4IFtJTkZPXSBbUVVJQzoxMTk2OTVFNzZEOTY2N0U3XSByZWNoaXN0OiBzdG9wIHdhaXQ6IDIKMTE6Mzc6MDAuODg4IFtJTkZPXSByZWNlaXZlZCBHT0FXQVkKMTE6Mzc6MDAuODg5IFtJTkZPXSBbUVVJQzoxMTk2OTVFNzZEOTY2N0U3XSBjb25uOiBSZWNlaXZlZCBDT05ORUNUSU9OX0NMT1NFIGZyYW1lIChjb2RlOiAxNjsgcmVhc29uOiApCjExOjM3OjAwLjg4OSBbSU5GT10gQ29ubmVjdGlvbiBjbG9zZWQKMTE6Mzc6MDAuODg5IFtOT1RJQ0VdIFtRVUlDOjExOTY5NUU3NkQ5NjY3RTddIHNlbmRjdGw6IHN0YXRzOiBuX3RvdGFsX3NlbnQ6IDg7IG5fcmVzZW50OiAwOyBuX2RlbGF5ZWQ6IDAKMTE6NDg6MDkuMTUxIFtJTkZPXSBbUVVJQzo2RDgyMkZFMzY5NTM1NTAwXSBjb25uOiBBcHBseWluZyBwZWVyIGNvbmZpZzogY2ZjdzogMTU3Mjg2NDA7IHNmY3c6IDYyOTE0NTY7ICMgc3RyZWFtczogMTAwCjExOjQ4OjA5LjE1MSBbSU5GT10gW1FVSUM6NkQ4MjJGRTM2OTUzNTUwMF0gc2VuZGN0bDogc2V0IFRDSUQgZmxhZwoxMTo0ODowOS4xNTEgW0lORk9dIFtRVUlDOjZEODIyRkUzNjk1MzU1MDBdIGNvbm46IENyZWF0ZWQgbmV3IHNlcnZlciBjb25uZWN0aW9uCjExOjQ4OjA5LjE1OCBbSU5GT10gW1FVSUM6NkQ4MjJGRTM2OTUzNTUwMF0gaGVhZGVyczogc2V0IG1heCBoZWFkZXIgbGlzdCBzaXplIHRvIDE2Mzg0CjExOjQ4OjA5LjE2MyBbSU5GT10gW1FVSUM6NkQ4MjJGRTM2OTUzNTUwMF0gcmVjaGlzdDogc3RvcCB3YWl0OiA0CjExOjQ4OjA5LjE4OCBbSU5GT10gW1FVSUM6NkQ4MjJGRTM2OTUzNTUwMF0gYWxhcm1zZXQ6IHJpbmcgZXhwaXJlZCBBQ0tfQVBQIGFsYXJtCjExOjQ4OjEzLjkyOCBbSU5GT10gZ290IHJlcXVlc3Q6IGBHRVQgL0RvY2tlcmZpbGUgSFRUUC8xLjENCnVzZXItYWdlbnQ6IGNvbS5zdGFydGltZXMuYW5kcm9pZC5xdWljLzEgKExpbnV4OyBVOyBBbmRyb2lkIDguMS4wOyBlbl9VUzsgaXRlbCBBMTY7IEJ1aWxkL09QTTIuMTcxMDE5LjAxMjsgQ3JvbmV0LzcwLjAuMzUzOC44MCkNCmFjY2VwdC1lbmNvZGluZzogZ3ppcCwgZGVmbGF0ZQ0KSG9zdDogaW5mby5zbm9taWxlLmluaw0KDQonCjExOjQ4OjEzLjkyOCBbSU5GT10gZmlsZW5hbWUgdG8gZmV0Y2g6IC9ob21lL3VidW50dS8vRG9ja2VyZmlsZQoxMTo0ODoxMy45MjggW0lORk9dIFtRVUlDOjZEODIyRkUzNjk1MzU1MDAtNV0gc3RyZWFtOiBzZW50IGhlYWRlcnMKMTE6NDg6MTMuOTI4IFtJTkZPXSBodHRwX3NlcnZlcl9vbl9jbG9zZSBjYWxsZWQKMTE6NDg6MTMuOTQ0IFtJTkZPXSBbUVVJQzo2RDgyMkZFMzY5NTM1NTAwXSBhbGFybXNldDogcmluZyBleHBpcmVkIFJFVFhfQVBQIGFsYXJtCjExOjQ4OjEzLjk0NCBbSU5GT10gW1FVSUM6NkQ4MjJGRTM2OTUzNTUwMF0gc2VuZGN0bDogcmV0eCB0aW1lb3V0LCBtb2RlIFJFVFhfTU9ERV9UTFAKMTE6NDg6MTMuOTU0IFtJTkZPXSBbUVVJQzo2RDgyMkZFMzY5NTM1NTAwXSBhbGFybXNldDogcmluZyBleHBpcmVkIEFDS19BUFAgYWxhcm0KMTE6NDg6MTMuOTU5IFtJTkZPXSBbUVVJQzo2RDgyMkZFMzY5NTM1NTAwXSBhbGFybXNldDogcmluZyBleHBpcmVkIFJFVFhfQVBQIGFsYXJtCjExOjQ4OjEzLjk1OSBbSU5GT10gW1FVSUM6NkQ4MjJGRTM2OTUzNTUwMF0gc2VuZGN0bDogcmV0eCB0aW1lb3V0LCBtb2RlIFJFVFhfTU9ERV9UTFAKMTE6NDg6MTMuOTgxIFtJTkZPXSBbUVVJQzo2RDgyMkZFMzY5NTM1NTAwXSByZWNoaXN0OiBzdG9wIHdhaXQ6IDYKMTE6NDg6MTQuMDU1IFtJTkZPXSBbUVVJQzo2RDgyMkZFMzY5NTM1NTAwXSByZWNoaXN0OiBzdG9wIHdhaXQ6IDcKMTE6NDg6MTkuMTM5IFtJTkZPXSBnb3QgcmVxdWVzdDogYEdFVCAvRG9ja2VyZmlsZSBIVFRQLzEuMQ0KdXNlci1hZ2VudDogY29tLnN0YXJ0aW1lcy5hbmRyb2lkLnF1aWMvMSAoTGludXg7IFU7IEFuZHJvaWQgOC4xLjA7IGVuX1VTOyBpdGVsIEExNjsgQnVpbGQvT1BNMi4xNzEwMTkuMDEyOyBDcm9uZXQvNzAuMC4zNTM4LjgwKQ0KYWNjZXB0LWVuY29kaW5nOiBnemlwLCBkZWZsYXRlDQpIb3N0OiBpbmZvLnNub21pbGUuaW5rDQoNCicKMTE6NDg6MTkuMTM5IFtJTkZPXSBmaWxlbmFtZSB0byBmZXRjaDogL2hvbWUvdWJ1bnR1Ly9Eb2NrZXJmaWxlCjExOjQ4OjE5LjEzOSBbSU5GT10gW1FVSUM6NkQ4MjJGRTM2OTUzNTUwMC03XSBzdHJlYW06IHNlbnQgaGVhZGVycwoxMTo0ODoxOS4xMzkgW0lORk9dIGh0dHBfc2VydmVyX29uX2Nsb3NlIGNhbGxlZAoxMTo0ODoxOS4xNjQgW0lORk9dIFtRVUlDOjZEODIyRkUzNjk1MzU1MDBdIGFsYXJtc2V0OiByaW5nIGV4cGlyZWQgQUNLX0FQUCBhbGFybQoxMTo0ODoxOS4yNDAgW0lORk9dIFtRVUlDOjZEODIyRkUzNjk1MzU1MDBdIHJlY2hpc3Q6IHN0b3Agd2FpdDogMTAKMTE6NDg6MjQuMjY4IFtJTkZPXSBnb3QgcmVxdWVzdDogYEdFVCAvRG9ja2VyZmlsZSBIVFRQLzEuMQ0KdXNlci1hZ2VudDogY29tLnN0YXJ0aW1lcy5hbmRyb2lkLnF1aWMvMSAoTGludXg7IFU7IEFuZHJvaWQgOC4xLjA7IGVuX1VTOyBpdGVsIEExNjsgQnVpbGQvT1BNMi4xNzEwMTkuMDEyOyBDcm9uZXQvNzAuMC4zNTM4LjgwKQ0KYWNjZXB0LWVuY29kaW5nOiBnemlwLCBkZWZsYXRlDQpIb3N0OiBpbmZvLnNub21pbGUuaW5rDQoNCicKMTE6NDg6MjQuMjY4IFtJTkZPXSBmaWxlbmFtZSB0byBmZXRjaDogL2hvbWUvdWJ1bnR1Ly9Eb2NrZXJmaWxlCjExOjQ4OjI0LjI2OCBbSU5GT10gW1FVSUM6NkQ4MjJGRTM2OTUzNTUwMC05XSBzdHJlYW06IHNlbnQgaGVhZGVycwoxMTo0ODoyNC4yNjggW0lORk9dIGh0dHBfc2VydmVyX29uX2Nsb3NlIGNhbGxlZAoxMTo0ODoyNC4yOTQgW0lORk9dIFtRVUlDOjZEODIyRkUzNjk1MzU1MDBdIGFsYXJtc2V0OiByaW5nIGV4cGlyZWQgQUNLX0FQUCBhbGFybQoxMTo0ODoyNC4zNjEgW0lORk9dIFtRVUlDOjZEODIyRkUzNjk1MzU1MDBdIHJlY2hpc3Q6IHN0b3Agd2FpdDogMTAKMTE6NDg6MjkuMzM3IFtJTkZPXSBnb3QgcmVxdWVzdDogYEdFVCAvRG9ja2VyZmlsZSBIVFRQLzEuMQ0KdXNlci1hZ2VudDogY29tLnN0YXJ0aW1lcy5hbmRyb2lkLnF1aWMvMSAoTGludXg7IFU7IEFuZHJvaWQgOC4xLjA7IGVuX1VTOyBpdGVsIEExNjsgQnVpbGQvT1BNMi4xNzEwMTkuMDEyOyBDcm9uZXQvNzAuMC4zNTM4LjgwKQ0KYWNjZXB0LWVuY29kaW5nOiBnemlwLCBkZWZsYXRlDQpIb3N0OiBpbmZvLnNub21pbGUuaW5rDQoNCicKMTE6NDg6MjkuMzM3IFtJTkZPXSBmaWxlbmFtZSB0byBmZXRjaDogL2hvbWUvdWJ1bnR1Ly9Eb2NrZXJmaWxlCjExOjQ4OjI5LjMzNyBbSU5GT10gW1FVSUM6NkQ4MjJGRTM2OTUzNTUwMC0xMV0gc3RyZWFtOiBzZW50IGhlYWRlcnMKMTE6NDg6MjkuMzM3IFtJTkZPXSBodHRwX3NlcnZlcl9vbl9jbG9zZSBjYWxsZWQKMTE6NDg6MjkuMzYzIFtJTkZPXSBbUVVJQzo2RDgyMkZFMzY5NTM1NTAwXSBhbGFybXNldDogcmluZyBleHBpcmVkIEFDS19BUFAgYWxhcm0KMTE6NDg6MjkuMzczIFtJTkZPXSBbUVVJQzo2RDgyMkZFMzY5NTM1NTAwXSBhbGFybXNldDogcmluZyBleHBpcmVkIFJFVFhfQVBQIGFsYXJtCjExOjQ4OjI5LjM3MyBbSU5GT10gW1FVSUM6NkQ4MjJGRTM2OTUzNTUwMF0gc2VuZGN0bDogcmV0eCB0aW1lb3V0LCBtb2RlIFJFVFhfTU9ERV9UTFAKMTE6NDg6MjkuNDA4IFtJTkZPXSBbUVVJQzo2RDgyMkZFMzY5NTM1NTAwXSBhbGFybXNldDogcmluZyBleHBpcmVkIFJFVFhfQVBQIGFsYXJtCjExOjQ4OjI5LjQwOCBbSU5GT10gW1FVSUM6NkQ4MjJGRTM2OTUzNTUwMF0gc2VuZGN0bDogcmV0eCB0aW1lb3V0LCBtb2RlIFJFVFhfTU9ERV9UTFAKMTE6NDg6MjkuNDI2IFtJTkZPXSBbUVVJQzo2RDgyMkZFMzY5NTM1NTAwXSByZWNoaXN0OiBzdG9wIHdhaXQ6IDE0CjExOjQ4OjI5LjQ3NiBbSU5GT10gW1FVSUM6NkQ4MjJGRTM2OTUzNTUwMF0gcmVjaGlzdDogc3RvcCB3YWl0OiAxNAoxMTo0ODo1My45OTggW0lORk9dIFtRVUlDOjhGRDRFRDUzMzY3MDNGQUNdIGNvbm46IEFwcGx5aW5nIHBlZXIgY29uZmlnOiBjZmN3OiAxNTcyODY0MDsgc2ZjdzogNjI5MTQ1NjsgIyBzdHJlYW1zOiAxMDAKMTE6NDg6NTMuOTk4IFtJTkZPXSBbUVVJQzo4RkQ0RUQ1MzM2NzAzRkFDXSBzZW5kY3RsOiBzZXQgVENJRCBmbGFnCjExOjQ4OjUzLjk5OCBbSU5GT10gW1FVSUM6OEZENEVENTMzNjcwM0ZBQ10gY29ubjogQ3JlYXRlZCBuZXcgc2VydmVyIGNvbm5lY3Rpb24KMTE6NDg6NTQuMDA2IFtJTkZPXSBbUVVJQzo4RkQ0RUQ1MzM2NzAzRkFDXSBoZWFkZXJzOiBzZXQgbWF4IGhlYWRlciBsaXN0IHNpemUgdG8gMTYzODQKMTE6NDg6NTQuMDA3IFtJTkZPXSBbUVVJQzo4RkQ0RUQ1MzM2NzAzRkFDXSByZWNoaXN0OiBzdG9wIHdhaXQ6IDQKMTE6NDg6NTQuMDMyIFtJTkZPXSBbUVVJQzo4RkQ0RUQ1MzM2NzAzRkFDXSBhbGFybXNldDogcmluZyBleHBpcmVkIEFDS19BUFAgYWxhcm0KMTE6NDg6NTguOTEzIFtJTkZPXSBnb3QgcmVxdWVzdDogYEdFVCAvRG9ja2VyZmlsZSBIVFRQLzEuMQ0KdXNlci1hZ2VudDogY29tLnN0YXJ0aW1lcy5hbmRyb2lkLnF1aWMvMSAoTGludXg7IFU7IEFuZHJvaWQgOC4xLjA7IGVuX1VTOyBpdGVsIEExNjsgQnVpbGQvT1BNMi4xNzEwMTkuMDEyOyBDcm9uZXQvNzAuMC4zNTM4LjgwKQ0KYWNjZXB0LWVuY29kaW5nOiBnemlwLCBkZWZsYXRlDQpIb3N0OiBpbmZvLnNub21pbGUuaW5rDQoNCicKMTE6NDg6NTguOTEzIFtJTkZPXSBmaWxlbmFtZSB0byBmZXRjaDogL2hvbWUvdWJ1bnR1Ly9Eb2NrZXJmaWxlCjExOjQ4OjU4LjkxMyBbSU5GT10gW1FVSUM6OEZENEVENTMzNjcwM0ZBQy01XSBzdHJlYW06IHNlbnQgaGVhZGVycwoxMTo0ODo1OC45MTMgW0lORk9dIGh0dHBfc2VydmVyX29uX2Nsb3NlIGNhbGxlZAoxMTo0ODo1OC45MjYgW0lORk9dIFtRVUlDOjhGRDRFRDUzMzY3MDNGQUNdIGFsYXJtc2V0OiByaW5nIGV4cGlyZWQgUkVUWF9BUFAgYWxhcm0KMTE6NDg6NTguOTI2IFtJTkZPXSBbUVVJQzo4RkQ0RUQ1MzM2NzAzRkFDXSBzZW5kY3RsOiByZXR4IHRpbWVvdXQsIG1vZGUgUkVUWF9NT0RFX1RMUAoxMTo0ODo1OC45MzggW0lORk9dIFtRVUlDOjhGRDRFRDUzMzY3MDNGQUNdIGFsYXJtc2V0OiByaW5nIGV4cGlyZWQgQUNLX0FQUCBhbGFybQoxMTo0ODo1OC45MzkgW0lORk9dIFtRVUlDOjhGRDRFRDUzMzY3MDNGQUNdIGFsYXJtc2V0OiByaW5nIGV4cGlyZWQgUkVUWF9BUFAgYWxhcm0KMTE6NDg6NTguOTM5IFtJTkZPXSBbUVVJQzo4RkQ0RUQ1MzM2NzAzRkFDXSBzZW5kY3RsOiByZXR4IHRpbWVvdXQsIG1vZGUgUkVUWF9NT0RFX1RMUAoxMTo0ODo1OS4wMTAgW0lORk9dIFtRVUlDOjhGRDRFRDUzMzY3MDNGQUNdIHJlY2hpc3Q6IHN0b3Agd2FpdDogNgoxMTo0ODo1OS4wNTggW0lORk9dIFtRVUlDOjhGRDRFRDUzMzY3MDNGQUNdIHJlY2hpc3Q6IHN0b3Agd2FpdDogNwoxMTo0ODo1OS40NzkgW0lORk9dIFtRVUlDOjZEODIyRkUzNjk1MzU1MDBdIGFsYXJtc2V0OiByaW5nIGV4cGlyZWQgSURMRSBhbGFybQoxMTo0ODo1OS40NzkgW0lORk9dIENvbm5lY3Rpb24gY2xvc2VkCjExOjQ4OjU5LjQ3OSBbTk9USUNFXSBbUVVJQzo2RDgyMkZFMzY5NTM1NTAwXSBzZW5kY3RsOiBzdGF0czogbl90b3RhbF9zZW50OiAxNTsgbl9yZXNlbnQ6IDA7IG5fZGVsYXllZDogMAoxMTo0OTowNC4wNjIgW0lORk9dIGdvdCByZXF1ZXN0OiBgR0VUIC9Eb2NrZXJmaWxlIEhUVFAvMS4xDQp1c2VyLWFnZW50OiBjb20uc3RhcnRpbWVzLmFuZHJvaWQucXVpYy8xIChMaW51eDsgVTsgQW5kcm9pZCA4LjEuMDsgZW5fVVM7IGl0ZWwgQTE2OyBCdWlsZC9PUE0yLjE3MTAxOS4wMTI7IENyb25ldC83MC4wLjM1MzguODApDQphY2NlcHQtZW5jb2Rpbmc6IGd6aXAsIGRlZmxhdGUNCkhvc3Q6IGluZm8uc25vbWlsZS5pbmsNCg0KJwoxMTo0OTowNC4wNjIgW0lORk9dIGZpbGVuYW1lIHRvIGZldGNoOiAvaG9tZS91YnVudHUvL0RvY2tlcmZpbGUKMTE6NDk6MDQuMDYyIFtJTkZPXSBbUVVJQzo4RkQ0RUQ1MzM2NzAzRkFDLTddIHN0cmVhbTogc2VudCBoZWFkZXJzCjExOjQ5OjA0LjA2MiBbSU5GT10gaHR0cF9zZXJ2ZXJfb25fY2xvc2UgY2FsbGVkCjExOjQ5OjA0LjA4OCBbSU5GT10gW1FVSUM6OEZENEVENTMzNjcwM0ZBQ10gYWxhcm1zZXQ6IHJpbmcgZXhwaXJlZCBBQ0tfQVBQIGFsYXJtCjExOjQ5OjA0LjE5NyBbSU5GT10gW1FVSUM6OEZENEVENTMzNjcwM0ZBQ10gcmVjaGlzdDogc3RvcCB3YWl0OiAxMAoxMTo0OTowOS4xODUgW0lORk9dIGdvdCByZXF1ZXN0OiBgR0VUIC9Eb2NrZXJmaWxlIEhUVFAvMS4xDQp1c2VyLWFnZW50OiBjb20uc3RhcnRpbWVzLmFuZHJvaWQucXVpYy8xIChMaW51eDsgVTsgQW5kcm9pZCA4LjEuMDsgZW5fVVM7IGl0ZWwgQTE2OyBCdWlsZC9PUE0yLjE3MTAxOS4wMTI7IENyb25ldC83MC4wLjM1MzguODApDQphY2NlcHQtZW5jb2Rpbmc6IGd6aXAsIGRlZmxhdGUNCkhvc3Q6IGluZm8uc25vbWlsZS5pbmsNCg0KJwoxMTo0OTowOS4xODUgW0lORk9dIGZpbGVuYW1lIHRvIGZldGNoOiAvaG9tZS91YnVudHUvL0RvY2tlcmZpbGUKMTE6NDk6MDkuMTg1IFtJTkZPXSBbUVVJQzo4RkQ0RUQ1MzM2NzAzRkFDLTldIHN0cmVhbTogc2VudCBoZWFkZXJzCjExOjQ5OjA5LjE4NSBbSU5GT10gaHR0cF9zZXJ2ZXJfb25fY2xvc2UgY2FsbGVkCjExOjQ5OjA5LjIxMSBbSU5GT10gW1FVSUM6OEZENEVENTMzNjcwM0ZBQ10gYWxhcm1zZXQ6IHJpbmcgZXhwaXJlZCBBQ0tfQVBQIGFsYXJtCjExOjQ5OjA5LjMxOCBbSU5GT10gW1FVSUM6OEZENEVENTMzNjcwM0ZBQ10gcmVjaGlzdDogc3RvcCB3YWl0OiAxMgoxMTo0OToxNC4zMTcgW0lORk9dIGdvdCByZXF1ZXN0OiBgR0VUIC9Eb2NrZXJmaWxlIEhUVFAvMS4xDQp1c2VyLWFnZW50OiBjb20uc3RhcnRpbWVzLmFuZHJvaWQucXVpYy8xIChMaW51eDsgVTsgQW5kcm9pZCA4LjEuMDsgZW5fVVM7IGl0ZWwgQTE2OyBCdWlsZC9PUE0yLjE3MTAxOS4wMTI7IENyb25ldC83MC4wLjM1MzguODApDQphY2NlcHQtZW5jb2Rpbmc6IGd6aXAsIGRlZmxhdGUNCkhvc3Q6IGluZm8uc25vbWlsZS5pbmsNCg0KJwoxMTo0OToxNC4zMTcgW0lORk9dIGZpbGVuYW1lIHRvIGZldGNoOiAvaG9tZS91YnVudHUvL0RvY2tlcmZpbGUKMTE6NDk6MTQuMzE3IFtJTkZPXSBbUVVJQzo4RkQ0RUQ1MzM2NzAzRkFDLTExXSBzdHJlYW06IHNlbnQgaGVhZGVycwoxMTo0OToxNC4zMTcgW0lORk9dIGh0dHBfc2VydmVyX29uX2Nsb3NlIGNhbGxlZAoxMTo0OToxNC4zNDIgW0lORk9dIFtRVUlDOjhGRDRFRDUzMzY3MDNGQUNdIGFsYXJtc2V0OiByaW5nIGV4cGlyZWQgQUNLX0FQUCBhbGFybQoxMTo0OToxNC40MzkgW0lORk9dIFtRVUlDOjhGRDRFRDUzMzY3MDNGQUNdIHJlY2hpc3Q6IHN0b3Agd2FpdDogMTQKMTE6NDk6MTkuNDU1IFtJTkZPXSBnb3QgcmVxdWVzdDogYEdFVCAvRG9ja2VyZmlsZSBIVFRQLzEuMQ0KdXNlci1hZ2VudDogY29tLnN0YXJ0aW1lcy5hbmRyb2lkLnF1aWMvMSAoTGludXg7IFU7IEFuZHJvaWQgOC4xLjA7IGVuX1VTOyBpdGVsIEExNjsgQnVpbGQvT1BNMi4xNzEwMTkuMDEyOyBDcm9uZXQvNzAuMC4zNTM4LjgwKQ0KYWNjZXB0LWVuY29kaW5nOiBnemlwLCBkZWZsYXRlDQpIb3N0OiBpbmZvLnNub21pbGUuaW5rDQoNCicKMTE6NDk6MTkuNDU1IFtJTkZPXSBmaWxlbmFtZSB0byBmZXRjaDogL2hvbWUvdWJ1bnR1Ly9Eb2NrZXJmaWxlCjExOjQ5OjE5LjQ1NSBbSU5GT10gW1FVSUM6OEZENEVENTMzNjcwM0ZBQy0xM10gc3RyZWFtOiBzZW50IGhlYWRlcnMKMTE6NDk6MTkuNDU1IFtJTkZPXSBodHRwX3NlcnZlcl9vbl9jbG9zZSBjYWxsZWQKMTE6NDk6MTkuNDgxIFtJTkZPXSBbUVVJQzo4RkQ0RUQ1MzM2NzAzRkFDXSBhbGFybXNldDogcmluZyBleHBpcmVkIEFDS19BUFAgYWxhcm0KMTE6NDk6MTkuNTM5IFtJTkZPXSBbUVVJQzo4RkQ0RUQ1MzM2NzAzRkFDXSByZWNoaXN0OiBzdG9wIHdhaXQ6IDE2CjExOjQ5OjI0LjcwNyBbSU5GT10gZ290IHJlcXVlc3Q6IGBHRVQgL0RvY2tlcmZpbGUgSFRUUC8xLjENCnVzZXItYWdlbnQ6IGNvbS5zdGFydGltZXMuYW5kcm9pZC5xdWljLzEgKExpbnV4OyBVOyBBbmRyb2lkIDguMS4wOyBlbl9VUzsgaXRlbCBBMTY7IEJ1aWxkL09QTTIuMTcxMDE5LjAxMjsgQ3JvbmV0LzcwLjAuMzUzOC44MCkNCmFjY2VwdC1lbmNvZGluZzogZ3ppcCwgZGVmbGF0ZQ0KSG9zdDogaW5mby5zbm9taWxlLmluaw0KDQonCjExOjQ5OjI0LjcwNyBbSU5GT10gZmlsZW5hbWUgdG8gZmV0Y2g6IC9ob21lL3VidW50dS8vRG9ja2VyZmlsZQoxMTo0OToyNC43MDcgW0lORk9dIFtRVUlDOjhGRDRFRDUzMzY3MDNGQUMtMTVdIHN0cmVhbTogc2VudCBoZWFkZXJzCjExOjQ5OjI0LjcwNyBbSU5GT10gaHR0cF9zZXJ2ZXJfb25fY2xvc2UgY2FsbGVkCjExOjQ5OjI0LjczMyBbSU5GT10gW1FVSUM6OEZENEVENTMzNjcwM0ZBQ10gYWxhcm1zZXQ6IHJpbmcgZXhwaXJlZCBBQ0tfQVBQIGFsYXJtCjExOjQ5OjI0Ljc2OCBbSU5GT10gW1FVSUM6OEZENEVENTMzNjcwM0ZBQ10gYWxhcm1zZXQ6IHJpbmcgZXhwaXJlZCBBQ0tfQVBQIGFsYXJtCjExOjQ5OjI0Ljc3NyBbSU5GT10gW1FVSUM6OEZENEVENTMzNjcwM0ZBQ10gcmVjaGlzdDogc3RvcCB3YWl0OiAxOQoxMTo0OToyOS44MDAgW0lORk9dIGdvdCByZXF1ZXN0OiBgR0VUIC9Eb2NrZXJmaWxlIEhUVFAvMS4xDQp1c2VyLWFnZW50OiBjb20uc3RhcnRpbWVzLmFuZHJvaWQucXVpYy8xIChMaW51eDsgVTsgQW5kcm9pZCA4LjEuMDsgZW5fVVM7IGl0ZWwgQTE2OyBCdWlsZC9PUE0yLjE3MTAxOS4wMTI7IENyb25ldC83MC4wLjM1MzguODApDQphY2NlcHQtZW5jb2Rpbmc6IGd6aXAsIGRlZmxhdGUNCkhvc3Q6IGluZm8uc25vbWlsZS5pbmsNCg0KJwoxMTo0OToyOS44MDAgW0lORk9dIGZpbGVuYW1lIHRvIGZldGNoOiAvaG9tZS91YnVudHUvL0RvY2tlcmZpbGUKMTE6NDk6MjkuODAwIFtJTkZPXSBbUVVJQzo4RkQ0RUQ1MzM2NzAzRkFDLTE3XSBzdHJlYW06IHNlbnQgaGVhZGVycwoxMTo0OToyOS44MDAgW0lORk9dIGh0dHBfc2VydmVyX29uX2Nsb3NlIGNhbGxlZAoxMTo0OToyOS44MjYgW0lORk9dIFtRVUlDOjhGRDRFRDUzMzY3MDNGQUNdIGFsYXJtc2V0OiByaW5nIGV4cGlyZWQgQUNLX0FQUCBhbGFybQoxMTo0OToyOS44OTMgW0lORk9dIFtRVUlDOjhGRDRFRDUzMzY3MDNGQUNdIHJlY2hpc3Q6IHN0b3Agd2FpdDogMjEKMTE6NDk6MzQuOTc3IFtJTkZPXSBnb3QgcmVxdWVzdDogYEdFVCAvRG9ja2VyZmlsZSBIVFRQLzEuMQ0KdXNlci1hZ2VudDogY29tLnN0YXJ0aW1lcy5hbmRyb2lkLnF1aWMvMSAoTGludXg7IFU7IEFuZHJvaWQgOC4xLjA7IGVuX1VTOyBpdGVsIEExNjsgQnVpbGQvT1BNMi4xNzEwMTkuMDEyOyBDcm9uZXQvNzAuMC4zNTM4LjgwKQ0KYWNjZXB0LWVuY29kaW5nOiBnemlwLCBkZWZsYXRlDQpIb3N0OiBpbmZvLnNub21pbGUuaW5rDQoNCicKMTE6NDk6MzQuOTc3IFtJTkZPXSBmaWxlbmFtZSB0byBmZXRjaDogL2hvbWUvdWJ1bnR1Ly9Eb2NrZXJmaWxlCjExOjQ5OjM0Ljk3NyBbSU5GT10gW1FVSUM6OEZENEVENTMzNjcwM0ZBQy0xOV0gc3RyZWFtOiBzZW50IGhlYWQ=""}, ""phase"": 0}"
319637782,5078,HTTP_CACHE_READ_DATA,3,URL_REQUEST,"{""phase"": 1}"
319637782,5078,SIMPLE_CACHE_ENTRY_READ_CALL,4,DISK_CACHE_ENTRY,"{""params"": {""buf_len"": 32768, ""index"": 1, ""offset"": 32768}, ""phase"": 0}"
319637782,5078,SIMPLE_CACHE_ENTRY_READ_BEGIN,4,DISK_CACHE_ENTRY,"{""params"": {""buf_len"": 32768, ""index"": 1, ""offset"": 32768}, ""phase"": 0}"
319637782,5078,SIMPLE_CACHE_ENTRY_READ_END,4,DISK_CACHE_ENTRY,"{""params"": {""bytes_copied"": 5858}, ""phase"": 0}"
319637783,5079,HTTP_CACHE_READ_DATA,3,URL_REQUEST,"{""phase"": 2}"
319637783,5079,URL_REQUEST_JOB_FILTERED_BYTES_READ,3,URL_REQUEST,"{""params"": {""byte_count"": 5858, ""bytes"": ""ZXJzCjExOjQ5OjM0Ljk3NyBbSU5GT10gaHR0cF9zZXJ2ZXJfb25fY2xvc2UgY2FsbGVkCjExOjQ5OjM1LjAwMiBbSU5GT10gW1FVSUM6OEZENEVENTMzNjcwM0ZBQ10gYWxhcm1zZXQ6IHJpbmcgZXhwaXJlZCBBQ0tfQVBQIGFsYXJtCjExOjQ5OjM1LjEwNyBbSU5GT10gW1FVSUM6OEZENEVENTMzNjcwM0ZBQ10gcmVjaGlzdDogc3RvcCB3YWl0OiAyMwoxMTo0OTo0MC4xNjEgW0lORk9dIGdvdCByZXF1ZXN0OiBgR0VUIC9Eb2NrZXJmaWxlIEhUVFAvMS4xDQp1c2VyLWFnZW50OiBjb20uc3RhcnRpbWVzLmFuZHJvaWQucXVpYy8xIChMaW51eDsgVTsgQW5kcm9pZCA4LjEuMDsgZW5fVVM7IGl0ZWwgQTE2OyBCdWlsZC9PUE0yLjE3MTAxOS4wMTI7IENyb25ldC83MC4wLjM1MzguODApDQphY2NlcHQtZW5jb2Rpbmc6IGd6aXAsIGRlZmxhdGUNCkhvc3Q6IGluZm8uc25vbWlsZS5pbmsNCg0KJwoxMTo0OTo0MC4xNjEgW0lORk9dIGZpbGVuYW1lIHRvIGZldGNoOiAvaG9tZS91YnVudHUvL0RvY2tlcmZpbGUKMTE6NDk6NDAuMTYxIFtJTkZPXSBbUVVJQzo4RkQ0RUQ1MzM2NzAzRkFDLTIxXSBzdHJlYW06IHNlbnQgaGVhZGVycwoxMTo0OTo0MC4xNjEgW0lORk9dIGh0dHBfc2VydmVyX29uX2Nsb3NlIGNhbGxlZAoxMTo0OTo0MC4xODYgW0lORk9dIFtRVUlDOjhGRDRFRDUzMzY3MDNGQUNdIGFsYXJtc2V0OiByaW5nIGV4cGlyZWQgQUNLX0FQUCBhbGFybQoxMTo0OTo0MC4yNTEgW0lORk9dIFtRVUlDOjhGRDRFRDUzMzY3MDNGQUNdIHJlY2hpc3Q6IHN0b3Agd2FpdDogMjMKMTE6NDk6NDUuMjUyIFtJTkZPXSBnb3QgcmVxdWVzdDogYEdFVCAvRG9ja2VyZmlsZSBIVFRQLzEuMQ0KdXNlci1hZ2VudDogY29tLnN0YXJ0aW1lcy5hbmRyb2lkLnF1aWMvMSAoTGludXg7IFU7IEFuZHJvaWQgOC4xLjA7IGVuX1VTOyBpdGVsIEExNjsgQnVpbGQvT1BNMi4xNzEwMTkuMDEyOyBDcm9uZXQvNzAuMC4zNTM4LjgwKQ0KYWNjZXB0LWVuY29kaW5nOiBnemlwLCBkZWZsYXRlDQpIb3N0OiBpbmZvLnNub21pbGUuaW5rDQoNCicKMTE6NDk6NDUuMjUyIFtJTkZPXSBmaWxlbmFtZSB0byBmZXRjaDogL2hvbWUvdWJ1bnR1Ly9Eb2NrZXJmaWxlCjExOjQ5OjQ1LjI1MiBbSU5GT10gW1FVSUM6OEZENEVENTMzNjcwM0ZBQy0yM10gc3RyZWFtOiBzZW50IGhlYWRlcnMKMTE6NDk6NDUuMjUyIFtJTkZPXSBodHRwX3NlcnZlcl9vbl9jbG9zZSBjYWxsZWQKMTE6NDk6NDUuMjc3IFtJTkZPXSBbUVVJQzo4RkQ0RUQ1MzM2NzAzRkFDXSBhbGFybXNldDogcmluZyBleHBpcmVkIEFDS19BUFAgYWxhcm0KMTE6NDk6NDUuMzAzIFtJTkZPXSBbUVVJQzo4RkQ0RUQ1MzM2NzAzRkFDXSBhbGFybXNldDogcmluZyBleHBpcmVkIFJFVFhfQVBQIGFsYXJtCjExOjQ5OjQ1LjMwMyBbSU5GT10gW1FVSUM6OEZENEVENTMzNjcwM0ZBQ10gc2VuZGN0bDogcmV0eCB0aW1lb3V0LCBtb2RlIFJFVFhfTU9ERV9UTFAKMTE6NDk6NDUuMzMwIFtJTkZPXSBbUVVJQzo4RkQ0RUQ1MzM2NzAzRkFDXSByZWNoaXN0OiBzdG9wIHdhaXQ6IDI3CjExOjQ5OjQ1LjM4OSBbSU5GT10gW1FVSUM6OEZENEVENTMzNjcwM0ZBQ10gcmVjaGlzdDogc3RvcCB3YWl0OiAyNwoxMTo1MDoxNC4zNTIgW0lORk9dIFtRVUlDOjhGRDRFRDUzMzY3MDNGQUNdIGNvbm46IFJlY2VpdmVkIENPTk5FQ1RJT05fQ0xPU0UgZnJhbWUgKGNvZGU6IDI1OyByZWFzb246IE5vIHJlY2VudCBuZXR3b3JrIGFjdGl2aXR5LikKMTE6NTA6MTQuMzUzIFtJTkZPXSBbUVVJQzo4RkQ0RUQ1MzM2NzAzRkFDXSByZWNoaXN0OiBzdG9wIHdhaXQ6IDI3CjExOjUwOjE0LjM1MyBbSU5GT10gQ29ubmVjdGlvbiBjbG9zZWQKMTE6NTA6MTQuMzUzIFtOT1RJQ0VdIFtRVUlDOjhGRDRFRDUzMzY3MDNGQUNdIHNlbmRjdGw6IHN0YXRzOiBuX3RvdGFsX3NlbnQ6IDI4OyBuX3Jlc2VudDogMDsgbl9kZWxheWVkOiAwCjA1OjMwOjM5LjAzMCBbSU5GT10gW1FVSUM6NDJEQUEwQzJDN0QzRDA0Rl0gY29ubjogQXBwbHlpbmcgcGVlciBjb25maWc6IGNmY3c6IDE1NzI4NjQwOyBzZmN3OiA2MjkxNDU2OyAjIHN0cmVhbXM6IDEwMAowNTozMDozOS4wMzAgW0lORk9dIFtRVUlDOjQyREFBMEMyQzdEM0QwNEZdIHNlbmRjdGw6IHNldCBUQ0lEIGZsYWcKMDU6MzA6MzkuMDMwIFtJTkZPXSBbUVVJQzo0MkRBQTBDMkM3RDNEMDRGXSBjb25uOiBDcmVhdGVkIG5ldyBzZXJ2ZXIgY29ubmVjdGlvbgowNTozMTowOC4wMzQgW0lORk9dIFtRVUlDOjQyREFBMEMyQzdEM0QwNEZdIGNvbm46IFJlY2VpdmVkIENPTk5FQ1RJT05fQ0xPU0UgZnJhbWUgKGNvZGU6IDI1OyByZWFzb246IE5vIHJlY2VudCBuZXR3b3JrIGFjdGl2aXR5LikKMDU6MzE6MDguMDM0IFtJTkZPXSBbUVVJQzo0MkRBQTBDMkM3RDNEMDRGXSByZWNoaXN0OiBzdG9wIHdhaXQ6IDQKMDU6MzE6MDguMDM0IFtJTkZPXSBDb25uZWN0aW9uIGNsb3NlZAowNTozMTowOC4wMzQgW05PVElDRV0gW1FVSUM6NDJEQUEwQzJDN0QzRDA0Rl0gc2VuZGN0bDogc3RhdHM6IG5fdG90YWxfc2VudDogMzsgbl9yZXNlbnQ6IDA7IG5fZGVsYXllZDogMAowNTozMToxMi4wNDQgW0lORk9dIFtRVUlDOkIwNkQ5MDRBMDNDRURFODRdIGNvbm46IEFwcGx5aW5nIHBlZXIgY29uZmlnOiBjZmN3OiAxNTcyODY0MDsgc2ZjdzogNjI5MTQ1NjsgIyBzdHJlYW1zOiAxMDAKMDU6MzE6MTIuMDQ0IFtJTkZPXSBbUVVJQzpCMDZEOTA0QTAzQ0VERTg0XSBzZW5kY3RsOiBzZXQgVENJRCBmbGFnCjA1OjMxOjEyLjA0NSBbSU5GT10gW1FVSUM6QjA2RDkwNEEwM0NFREU4NF0gY29ubjogQ3JlYXRlZCBuZXcgc2VydmVyIGNvbm5lY3Rpb24KMDU6MzE6MTIuMDQ5IFtJTkZPXSBnb3QgcmVxdWVzdDogYEdFVCAvbG9naW5fZGF0YS5qc29uIEhUVFAvMS4xDQp1cGdyYWRlLWluc2VjdXJlLXJlcXVlc3RzOiAxDQp1c2VyLWFnZW50OiBNb3ppbGxhLzUuMCAoTWFjaW50b3NoOyBJbnRlbCBNYWMgT1MgWCAxMF8xNV8xKSBBcHBsZVdlYktpdC81MzcuMzYgKEtIVE1MLCBsaWtlIEdlY2tvKSBDaHJvbWUvNzguMC4zOTA0LjEwOCBTYWZhcmkvNTM3LjM2DQphY2NlcHQ6IHRleHQvaHRtbCxhcHBsaWNhdGlvbi94aHRtbCt4bWwsYXBwbGljYXRpb24veG1sO3E9MC45LGltYWdlL3dlYnAsaW1hZ2UvYXBuZywqLyo7cT0wLjgsYXBwbGljYXRpb24vc2lnbmVkLWV4Y2hhbmdlO3Y9YjMNCnNlYy1mZXRjaC1zaXRlOiBub25lDQpzZWMtZmV0Y2gtbW9kZTogbmF2aWdhdGUNCmFjY2VwdC1lbmNvZGluZzogZ3ppcCwgZGVmbGF0ZSwgYnINCmFjY2VwdC1sYW5ndWFnZTogemgtQ04semg7cT0wLjksZW47cT0wLjgNCkhvc3Q6IGluZm8uc25vbWlsZS5pbmsNCkNvb2tpZTogUEhQU0VTU0lEPWxlZmtibzhwbjdyajZxZzk2ZDVsMGlscXQzOyBzdGFydGltZXNfd2ViX3Rva2VuPWV5SmhiR2NpT2lKSVV6VXhNaUo5LmV5SmhjSEFpT2pFc0luVnBaQ0k2T1RrNU9Td2lZMk52WkdVaU9pSkxSU0lzSW5KdmJHVWlPakVzSW1OeVpXRjBaV1FpT2pFMU5ETTVNVE13TmpBNU5EQXNJbVY0Y0NJNk1UZzFORGsxTXpBMk1Dd2lZMmxrSWpvMmZRLk0xR1ZndEZJcjlfRk94OE9tLUh3Zkt5RGVmNF83M3hxcTc3a012SzZfSmxtU0hLZFFyVXp4Y3VndVJLZ2RWYV9OQXljdWYzLWxuTDA5X0RRaDdMM0N3OyBfZ2E9R0ExLjIuMTM5OTY4MDY1OC4xNTcwNzA2OTgyOyBzdGFydGltZXNfb3BfbGFuZz16aF9DTjsgTFNXU1dFQlVJPTQ5Yzc1NDk3ZGJkZWUxZWMzZTk4OGY5NTkxZjdmYWZiOyBsc3dzX3VpZD1kdGJ3UGUlMkY2UXJmVnZLT2Jpd0lITGclM0QlM0Q7IGxzd3NfcGFzcz04aXRCMXJmMkdvcmYzdWNBTW9XWGdnJTNEJTNEOyBfZ2lkPUdBMS4yLjE3NzcxMTA4MjUuMTU3NDczODE4MQ0KDQonCjA1OjMxOjEyLjA0OSBbSU5GT10gZmlsZW5hbWUgdG8gZmV0Y2g6IC9ob21lL3VidW50dS8vbG9naW5fZGF0YS5qc29uCjA1OjMxOjEyLjA0OSBbSU5GT10gW1FVSUM6QjA2RDkwNEEwM0NFREU4NC01XSBzdHJlYW06IHNlbnQgaGVhZGVycwowNTozMToxMi4wNDkgW0lORk9dIGh0dHBfc2VydmVyX29uX2Nsb3NlIGNhbGxlZAowNTozMToxMi4wNjkgW0lORk9dIFtRVUlDOkIwNkQ5MDRBMDNDRURFODRdIGFsYXJtc2V0OiByaW5nIGV4cGlyZWQgUkVUWF9BUFAgYWxhcm0KMDU6MzE6MTIuMDY5IFtJTkZPXSBbUVVJQzpCMDZEOTA0QTAzQ0VERTg0XSBzZW5kY3RsOiByZXR4IHRpbWVvdXQsIG1vZGUgUkVUWF9NT0RFX1RMUAowNTozMToxMi4wNzAgW0lORk9dIFtRVUlDOkIwNkQ5MDRBMDNDRURFODRdIHJlY2hpc3Q6IHN0b3Agd2FpdDogMgowNTozMToxMi4wOTUgW0lORk9dIFtRVUlDOkIwNkQ5MDRBMDNDRURFODRdIGFsYXJtc2V0OiByaW5nIGV4cGlyZWQgQUNLX0FQUCBhbGFybQowNTozMTo0MS4wOTggW0lORk9dIFtRVUlDOkIwNkQ5MDRBMDNDRURFODRdIGNvbm46IFJlY2VpdmVkIENPTk5FQ1RJT05fQ0xPU0UgZnJhbWUgKGNvZGU6IDI1OyByZWFzb246IE5vIHJlY2VudCBuZXR3b3JrIGFjdGl2aXR5LikKMDU6MzE6NDEuMDk4IFtJTkZPXSBbUVVJQzpCMDZEOTA0QTAzQ0VERTg0XSByZWNoaXN0OiBzdG9wIHdhaXQ6IDUKMDU6MzE6NDEuMDk4IFtJTkZPXSBDb25uZWN0aW9uIGNsb3NlZAowNTozMTo0MS4wOTggW05PVElDRV0gW1FVSUM6QjA2RDkwNEEwM0NFREU4NF0gc2VuZGN0bDogc3RhdHM6IG5fdG90YWxfc2VudDogNjsgbl9yZXNlbnQ6IDA7IG5fZGVsYXllZDogMAowNTozMzo0My4wOTIgW0lORk9dIFtRVUlDOkE2RkQwMjNERUE2ODA4RjJdIGNvbm46IEFwcGx5aW5nIHBlZXIgY29uZmlnOiBjZmN3OiAxNTcyODY0MDsgc2ZjdzogNjI5MTQ1NjsgIyBzdHJlYW1zOiAxMDAKMDU6MzM6NDMuMDkyIFtJTkZPXSBbUVVJQzpBNkZEMDIzREVBNjgwOEYyXSBzZW5kY3RsOiBzZXQgVENJRCBmbGFnCjA1OjMzOjQzLjA5MiBbSU5GT10gW1FVSUM6QTZGRDAyM0RFQTY4MDhGMl0gY29ubjogQ3JlYXRlZCBuZXcgc2VydmVyIGNvbm5lY3Rpb24KMDU6MzM6NDMuMTMyIFtJTkZPXSBnb3QgcmVxdWVzdDogYEdFVCAvbG9naW5fZGF0YS5qc29uIEhUVFAvMS4xDQp1c2VyLWFnZW50OiBjb20uc3RhcnRpbWVzLmNyb25ldF9sb2NhbHNhbXBsZS8xIChMaW51eDsgVTsgQW5kcm9pZCA4LjEuMDsgZW5fVVM7IGl0ZWwgQTE2OyBCdWlsZC9PUE0yLjE3MTAxOS4wMTI7IENyb25ldC84MC4wLjM5NTYuMCkNCmFjY2VwdC1lbmNvZGluZzogZ3ppcCwgZGVmbGF0ZQ0KSG9zdDogaW5mby5zbm9taWxlLmluaw0KDQonCjA1OjMzOjQzLjEzMiBbSU5GT10gZmlsZW5hbWUgdG8gZmV0Y2g6IC9ob21lL3VidW50dS8vbG9naW5fZGF0YS5qc29uCjA1OjMzOjQzLjEzMyBbSU5GT10gW1FVSUM6QTZGRDAyM0RFQTY4MDhGMi01XSBzdHJlYW06IHNlbnQgaGVhZGVycwowNTozMzo0My4xMzMgW0lORk9dIGh0dHBfc2VydmVyX29uX2Nsb3NlIGNhbGxlZAowNTozMzo0My4xNjYgW0lORk9dIFtRVUlDOkE2RkQwMjNERUE2ODA4RjJdIGFsYXJtc2V0OiByaW5nIGV4cGlyZWQgQUNLX0FQUCBhbGFybQowNTozMzo0My4xNjggW0lORk9dIFtRVUlDOkE2RkQwMjNERUE2ODA4RjJdIHJlY2hpc3Q6IHN0b3Agd2FpdDogNAowNTozNDoxMi4yNTAgW0lORk9dIFtRVUlDOkE2RkQwMjNERUE2ODA4RjJdIGNvbm46IFJlY2VpdmVkIENPTk5FQ1RJT05fQ0xPU0UgZnJhbWUgKGNvZGU6IDI1OyByZWFzb246IE5vIHJlY2VudCBuZXR3b3JrIGFjdGl2aXR5LikKMDU6MzQ6MTIuMjUwIFtJTkZPXSBbUVVJQzpBNkZEMDIzREVBNjgwOEYyXSByZWNoaXN0OiBzdG9wIHdhaXQ6IDYKMDU6MzQ6MTIuMjUwIFtJTkZPXSBDb25uZWN0aW9uIGNsb3NlZAowNTozNDoxMi4yNTAgW05PVElDRV0gW1FVSUM6QTZGRDAyM0RFQTY4MDhGMl0gc2VuZGN0bDogc3RhdHM6IG5fdG90YWxfc2VudDogNTsgbl9yZXNlbnQ6IDA7IG5fZGVsYXllZDogMAo=""}, ""phase"": 0}"
319637783,5079,HTTP_CACHE_READ_DATA,3,URL_REQUEST,"{""phase"": 1}"
319637783,5079,SIMPLE_CACHE_ENTRY_READ_CALL,4,DISK_CACHE_ENTRY,"{""params"": {""buf_len"": 32768, ""index"": 1, ""offset"": 38626}, ""phase"": 0}"
319637784,5080,SIMPLE_CACHE_ENTRY_READ_BEGIN,4,DISK_CACHE_ENTRY,"{""params"": {""buf_len"": 32768, ""index"": 1, ""offset"": 38626}, ""phase"": 0}"
